amazon030221.1;amazon0302;262111;257570;2;1.1;9013.0
amazon030241.1;amazon0302;262111;257570;4;1.1;18166.0
amazon030281.1;amazon0302;262111;257570;8;1.1;26352.0
amazon0302161.1;amazon0302;262111;257570;16;1.1;34009.0
amazon0302321.1;amazon0302;262111;257570;32;1.1;41615.0
amazon0302641.1;amazon0302;262111;257570;64;1.1;49344.0
amazon03021281.1;amazon0302;262111;257570;128;1.1;56773.0
amazon030221.03;amazon0302;262111;257570;2;1.03;9509.0
amazon030241.03;amazon0302;262111;257570;4;1.03;18301.0
amazon030281.03;amazon0302;262111;257570;8;1.03;27036.0
amazon0302161.03;amazon0302;262111;257570;16;1.03;34651.0
amazon0302321.03;amazon0302;262111;257570;32;1.03;42129.0
amazon0302641.03;amazon0302;262111;257570;64;1.03;49829.0
amazon03021281.03;amazon0302;262111;257570;128;1.03;57574.0
amazon030221.05;amazon0302;262111;257570;2;1.05;9298.0
amazon030241.05;amazon0302;262111;257570;4;1.05;18248.0
amazon030281.05;amazon0302;262111;257570;8;1.05;26843.0
amazon0302161.05;amazon0302;262111;257570;16;1.05;34241.0
amazon0302321.05;amazon0302;262111;257570;32;1.05;41670.0
amazon0302641.05;amazon0302;262111;257570;64;1.05;49494.0
amazon03021281.05;amazon0302;262111;257570;128;1.05;57565.0
amazon031221.1;amazon0312;400727;388374;2;1.1;26616.0
amazon031241.1;amazon0312;400727;388374;4;1.1;51479.0
amazon031281.1;amazon0312;400727;388374;8;1.1;71082.0
amazon0312161.1;amazon0312;400727;388374;16;1.1;87985.0
amazon0312321.1;amazon0312;400727;388374;32;1.1;106913.0
amazon0312641.1;amazon0312;400727;388374;64;1.1;123729.0
amazon03121281.1;amazon0312;400727;388374;128;1.1;141421.0
amazon031221.03;amazon0312;400727;388374;2;1.03;28821.0
amazon031241.03;amazon0312;400727;388374;4;1.03;53178.0
amazon031281.03;amazon0312;400727;388374;8;1.03;72882.0
amazon0312161.03;amazon0312;400727;388374;16;1.03;90614.0
amazon0312321.03;amazon0312;400727;388374;32;1.03;108166.0
amazon0312641.03;amazon0312;400727;388374;64;1.03;125040.0
amazon03121281.03;amazon0312;400727;388374;128;1.03;142875.0
amazon031221.05;amazon0312;400727;388374;2;1.05;28111.0
amazon031241.05;amazon0312;400727;388374;4;1.05;52818.0
amazon031281.05;amazon0312;400727;388374;8;1.05;72439.0
amazon0312161.05;amazon0312;400727;388374;16;1.05;89338.0
amazon0312321.05;amazon0312;400727;388374;32;1.05;108028.0
amazon0312641.05;amazon0312;400727;388374;64;1.05;124077.0
amazon03121281.05;amazon0312;400727;388374;128;1.05;142493.0
amazon050521.1;amazon0505;410235;396803;2;1.1;26152.0
amazon050541.1;amazon0505;410235;396803;4;1.1;51880.0
amazon050581.1;amazon0505;410235;396803;8;1.1;72811.0
amazon0505161.1;amazon0505;410235;396803;16;1.1;91634.0
amazon0505321.1;amazon0505;410235;396803;32;1.1;110192.0
amazon0505641.1;amazon0505;410235;396803;64;1.1;128290.0
amazon05051281.1;amazon0505;410235;396803;128;1.1;146194.0
amazon050521.03;amazon0505;410235;396803;2;1.03;28372.0
amazon050541.03;amazon0505;410235;396803;4;1.03;54267.0
amazon050581.03;amazon0505;410235;396803;8;1.03;74725.0
amazon0505161.03;amazon0505;410235;396803;16;1.03;92784.0
amazon0505321.03;amazon0505;410235;396803;32;1.03;111908.0
amazon0505641.03;amazon0505;410235;396803;64;1.03;129291.0
amazon05051281.03;amazon0505;410235;396803;128;1.03;147142.0
amazon050521.05;amazon0505;410235;396803;2;1.05;28109.0
amazon050541.05;amazon0505;410235;396803;4;1.05;53429.0
amazon050581.05;amazon0505;410235;396803;8;1.05;73496.0
amazon0505161.05;amazon0505;410235;396803;16;1.05;92297.0
amazon0505321.05;amazon0505;410235;396803;32;1.05;111697.0
amazon0505641.05;amazon0505;410235;396803;64;1.05;128847.0
amazon05051281.05;amazon0505;410235;396803;128;1.05;147066.0
amazon060121.1;amazon0601;403312;402439;2;1.1;26039.0
amazon060141.1;amazon0601;403312;402439;4;1.1;52764.0
amazon060181.1;amazon0601;403312;402439;8;1.1;74235.0
amazon0601161.1;amazon0601;403312;402439;16;1.1;92663.0
amazon0601321.1;amazon0601;403312;402439;32;1.1;111466.0
amazon0601641.1;amazon0601;403312;402439;64;1.1;129708.0
amazon06011281.1;amazon0601;403312;402439;128;1.1;147926.0
amazon060121.03;amazon0601;403312;402439;2;1.03;28791.0
amazon060141.03;amazon0601;403312;402439;4;1.03;54853.0
amazon060181.03;amazon0601;403312;402439;8;1.03;74929.0
amazon0601161.03;amazon0601;403312;402439;16;1.03;94599.0
amazon0601321.03;amazon0601;403312;402439;32;1.03;113549.0
amazon0601641.03;amazon0601;403312;402439;64;1.03;130773.0
amazon06011281.03;amazon0601;403312;402439;128;1.03;149689.0
amazon060121.05;amazon0601;403312;402439;2;1.05;28170.0
amazon060141.05;amazon0601;403312;402439;4;1.05;54085.0
amazon060181.05;amazon0601;403312;402439;8;1.05;74138.0
amazon0601161.05;amazon0601;403312;402439;16;1.05;92456.0
amazon0601321.05;amazon0601;403312;402439;32;1.05;112353.0
amazon0601641.05;amazon0601;403312;402439;64;1.05;129948.0
amazon06011281.05;amazon0601;403312;402439;128;1.05;148519.0
as-73521.1;as-735;6474;6474;2;1.1;318.0
as-73541.1;as-735;6474;6474;4;1.1;540.0
as-73581.1;as-735;6474;6474;8;1.1;974.0
as-735161.1;as-735;6474;6474;16;1.1;1437.0
as-735321.1;as-735;6474;6474;32;1.1;1703.0
as-735641.1;as-735;6474;6474;64;1.1;1927.0
as-7351281.1;as-735;6474;6474;128;1.1;2211.0
as-73521.03;as-735;6474;6474;2;1.03;328.0
as-73541.03;as-735;6474;6474;4;1.03;562.0
as-73581.03;as-735;6474;6474;8;1.03;1010.0
as-735161.03;as-735;6474;6474;16;1.03;1482.0
as-735321.03;as-735;6474;6474;32;1.03;1713.0
as-735641.03;as-735;6474;6474;64;1.03;1954.0
as-7351281.03;as-735;6474;6474;128;1.03;2250.0
as-73521.05;as-735;6474;6474;2;1.05;328.0
as-73541.05;as-735;6474;6474;4;1.05;553.0
as-73581.05;as-735;6474;6474;8;1.05;983.0
as-735161.05;as-735;6474;6474;16;1.05;1463.0
as-735321.05;as-735;6474;6474;32;1.05;1712.0
as-735641.05;as-735;6474;6474;64;1.05;1947.0
as-7351281.05;as-735;6474;6474;128;1.05;2212.0
as-caida21.1;as-caida;26475;26475;2;1.1;268.0
as-caida41.1;as-caida;26475;26475;4;1.1;1921.0
as-caida81.1;as-caida;26475;26475;8;1.1;3223.0
as-caida161.1;as-caida;26475;26475;16;1.1;4047.0
as-caida321.1;as-caida;26475;26475;32;1.1;4832.0
as-caida641.1;as-caida;26475;26475;64;1.1;5721.0
as-caida1281.1;as-caida;26475;26475;128;1.1;6513.0
as-caida21.03;as-caida;26475;26475;2;1.03;318.0
as-caida41.03;as-caida;26475;26475;4;1.03;1992.0
as-caida81.03;as-caida;26475;26475;8;1.03;3285.0
as-caida161.03;as-caida;26475;26475;16;1.03;4114.0
as-caida321.03;as-caida;26475;26475;32;1.03;4979.0
as-caida641.03;as-caida;26475;26475;64;1.03;5801.0
as-caida1281.03;as-caida;26475;26475;128;1.03;6549.0
as-caida21.05;as-caida;26475;26475;2;1.05;306.0
as-caida41.05;as-caida;26475;26475;4;1.05;1911.0
as-caida81.05;as-caida;26475;26475;8;1.05;3292.0
as-caida161.05;as-caida;26475;26475;16;1.05;4097.0
as-caida321.05;as-caida;26475;26475;32;1.05;4941.0
as-caida641.05;as-caida;26475;26475;64;1.05;5808.0
as-caida1281.05;as-caida;26475;26475;128;1.05;6542.0
as-Skitter21.1;as-Skitter;1696415;1696415;2;1.1;126727.0
as-Skitter41.1;as-Skitter;1696415;1696415;4;1.1;187944.0
as-Skitter81.1;as-Skitter;1696415;1696415;8;1.1;251365.0
as-Skitter161.1;as-Skitter;1696415;1696415;16;1.1;293215.0
as-Skitter321.1;as-Skitter;1696415;1696415;32;1.1;350414.0
as-Skitter641.1;as-Skitter;1696415;1696415;64;1.1;416292.0
as-Skitter1281.1;as-Skitter;1696415;1696415;128;1.1;491624.0
as-Skitter21.03;as-Skitter;1696415;1696415;2;1.03;133056.0
as-Skitter41.03;as-Skitter;1696415;1696415;4;1.03;197132.0
as-Skitter81.03;as-Skitter;1696415;1696415;8;1.03;260892.0
as-Skitter161.03;as-Skitter;1696415;1696415;16;1.03;302183.0
as-Skitter321.03;as-Skitter;1696415;1696415;32;1.03;361057.0
as-Skitter641.03;as-Skitter;1696415;1696415;64;1.03;429283.0
as-Skitter1281.03;as-Skitter;1696415;1696415;128;1.03;503276.0
as-Skitter21.05;as-Skitter;1696415;1696415;2;1.05;137784.0
as-Skitter41.05;as-Skitter;1696415;1696415;4;1.05;192307.0
as-Skitter81.05;as-Skitter;1696415;1696415;8;1.05;257345.0
as-Skitter161.05;as-Skitter;1696415;1696415;16;1.05;296849.0
as-Skitter321.05;as-Skitter;1696415;1696415;32;1.05;360970.0
as-Skitter641.05;as-Skitter;1696415;1696415;64;1.05;427819.0
as-Skitter1281.05;as-Skitter;1696415;1696415;128;1.05;499904.0
ca-AstroPh21.1;ca-AstroPh;18772;18772;2;1.1;6805.0
ca-AstroPh41.1;ca-AstroPh;18772;18772;4;1.1;8652.0
ca-AstroPh81.1;ca-AstroPh;18772;18772;8;1.1;9508.0
ca-AstroPh161.1;ca-AstroPh;18772;18772;16;1.1;10116.0
ca-AstroPh321.1;ca-AstroPh;18772;18772;32;1.1;10816.0
ca-AstroPh641.1;ca-AstroPh;18772;18772;64;1.1;11503.0
ca-AstroPh1281.1;ca-AstroPh;18772;18772;128;1.1;11802.0
ca-AstroPh21.03;ca-AstroPh;18772;18772;2;1.03;6889.0
ca-AstroPh41.03;ca-AstroPh;18772;18772;4;1.03;8702.0
ca-AstroPh81.03;ca-AstroPh;18772;18772;8;1.03;9588.0
ca-AstroPh161.03;ca-AstroPh;18772;18772;16;1.03;10222.0
ca-AstroPh321.03;ca-AstroPh;18772;18772;32;1.03;10820.0
ca-AstroPh641.03;ca-AstroPh;18772;18772;64;1.03;11607.0
ca-AstroPh1281.03;ca-AstroPh;18772;18772;128;1.03;11993.0
ca-AstroPh21.05;ca-AstroPh;18772;18772;2;1.05;6914.0
ca-AstroPh41.05;ca-AstroPh;18772;18772;4;1.05;8604.0
ca-AstroPh81.05;ca-AstroPh;18772;18772;8;1.05;9547.0
ca-AstroPh161.05;ca-AstroPh;18772;18772;16;1.05;10183.0
ca-AstroPh321.05;ca-AstroPh;18772;18772;32;1.05;10870.0
ca-AstroPh641.05;ca-AstroPh;18772;18772;64;1.05;11510.0
ca-AstroPh1281.05;ca-AstroPh;18772;18772;128;1.05;11923.0
ca-CondMat21.1;ca-CondMat;23133;23133;2;1.1;4247.0
ca-CondMat41.1;ca-CondMat;23133;23133;4;1.1;6415.0
ca-CondMat81.1;ca-CondMat;23133;23133;8;1.1;7363.0
ca-CondMat161.1;ca-CondMat;23133;23133;16;1.1;8064.0
ca-CondMat321.1;ca-CondMat;23133;23133;32;1.1;8726.0
ca-CondMat641.1;ca-CondMat;23133;23133;64;1.1;9299.0
ca-CondMat1281.1;ca-CondMat;23133;23133;128;1.1;9774.0
ca-CondMat21.03;ca-CondMat;23133;23133;2;1.03;4436.0
ca-CondMat41.03;ca-CondMat;23133;23133;4;1.03;6428.0
ca-CondMat81.03;ca-CondMat;23133;23133;8;1.03;7353.0
ca-CondMat161.03;ca-CondMat;23133;23133;16;1.03;8089.0
ca-CondMat321.03;ca-CondMat;23133;23133;32;1.03;8758.0
ca-CondMat641.03;ca-CondMat;23133;23133;64;1.03;9328.0
ca-CondMat1281.03;ca-CondMat;23133;23133;128;1.03;9837.0
ca-CondMat21.05;ca-CondMat;23133;23133;2;1.05;4399.0
ca-CondMat41.05;ca-CondMat;23133;23133;4;1.05;6381.0
ca-CondMat81.05;ca-CondMat;23133;23133;8;1.05;7391.0
ca-CondMat161.05;ca-CondMat;23133;23133;16;1.05;8062.0
ca-CondMat321.05;ca-CondMat;23133;23133;32;1.05;8749.0
ca-CondMat641.05;ca-CondMat;23133;23133;64;1.05;9303.0
ca-CondMat1281.05;ca-CondMat;23133;23133;128;1.05;9825.0
ca-GrQc21.1;ca-GrQc;5242;5242;2;1.1;461.0
ca-GrQc41.1;ca-GrQc;5242;5242;4;1.1;674.0
ca-GrQc81.1;ca-GrQc;5242;5242;8;1.1;853.0
ca-GrQc161.1;ca-GrQc;5242;5242;16;1.1;971.0
ca-GrQc321.1;ca-GrQc;5242;5242;32;1.1;1092.0
ca-GrQc641.1;ca-GrQc;5242;5242;64;1.1;1210.0
ca-GrQc1281.1;ca-GrQc;5242;5242;128;1.1;1408.0
ca-GrQc21.03;ca-GrQc;5242;5242;2;1.03;467.0
ca-GrQc41.03;ca-GrQc;5242;5242;4;1.03;674.0
ca-GrQc81.03;ca-GrQc;5242;5242;8;1.03;855.0
ca-GrQc161.03;ca-GrQc;5242;5242;16;1.03;963.0
ca-GrQc321.03;ca-GrQc;5242;5242;32;1.03;1107.0
ca-GrQc641.03;ca-GrQc;5242;5242;64;1.03;1243.0
ca-GrQc1281.03;ca-GrQc;5242;5242;128;1.03;1482.0
ca-GrQc21.05;ca-GrQc;5242;5242;2;1.05;463.0
ca-GrQc41.05;ca-GrQc;5242;5242;4;1.05;678.0
ca-GrQc81.05;ca-GrQc;5242;5242;8;1.05;860.0
ca-GrQc161.05;ca-GrQc;5242;5242;16;1.05;980.0
ca-GrQc321.05;ca-GrQc;5242;5242;32;1.05;1090.0
ca-GrQc641.05;ca-GrQc;5242;5242;64;1.05;1225.0
ca-GrQc1281.05;ca-GrQc;5242;5242;128;1.05;1454.0
ca-HepPh21.1;ca-HepPh;12008;12008;2;1.1;2962.0
ca-HepPh41.1;ca-HepPh;12008;12008;4;1.1;3848.0
ca-HepPh81.1;ca-HepPh;12008;12008;8;1.1;4392.0
ca-HepPh161.1;ca-HepPh;12008;12008;16;1.1;4793.0
ca-HepPh321.1;ca-HepPh;12008;12008;32;1.1;5185.0
ca-HepPh641.1;ca-HepPh;12008;12008;64;1.1;5523.0
ca-HepPh1281.1;ca-HepPh;12008;12008;128;1.1;5780.0
ca-HepPh21.03;ca-HepPh;12008;12008;2;1.03;3055.0
ca-HepPh41.03;ca-HepPh;12008;12008;4;1.03;3875.0
ca-HepPh81.03;ca-HepPh;12008;12008;8;1.03;4366.0
ca-HepPh161.03;ca-HepPh;12008;12008;16;1.03;4836.0
ca-HepPh321.03;ca-HepPh;12008;12008;32;1.03;5161.0
ca-HepPh641.03;ca-HepPh;12008;12008;64;1.03;5596.0
ca-HepPh1281.03;ca-HepPh;12008;12008;128;1.03;5884.0
ca-HepPh21.05;ca-HepPh;12008;12008;2;1.05;3076.0
ca-HepPh41.05;ca-HepPh;12008;12008;4;1.05;3843.0
ca-HepPh81.05;ca-HepPh;12008;12008;8;1.05;4445.0
ca-HepPh161.05;ca-HepPh;12008;12008;16;1.05;4780.0
ca-HepPh321.05;ca-HepPh;12008;12008;32;1.05;5225.0
ca-HepPh641.05;ca-HepPh;12008;12008;64;1.05;5524.0
ca-HepPh1281.05;ca-HepPh;12008;12008;128;1.05;5872.0
ca-HepTh21.1;ca-HepTh;9877;9877;2;1.1;1486.0
ca-HepTh41.1;ca-HepTh;9877;9877;4;1.1;2014.0
ca-HepTh81.1;ca-HepTh;9877;9877;8;1.1;2397.0
ca-HepTh161.1;ca-HepTh;9877;9877;16;1.1;2657.0
ca-HepTh321.1;ca-HepTh;9877;9877;32;1.1;2934.0
ca-HepTh641.1;ca-HepTh;9877;9877;64;1.1;3092.0
ca-HepTh1281.1;ca-HepTh;9877;9877;128;1.1;3261.0
ca-HepTh21.03;ca-HepTh;9877;9877;2;1.03;1499.0
ca-HepTh41.03;ca-HepTh;9877;9877;4;1.03;2042.0
ca-HepTh81.03;ca-HepTh;9877;9877;8;1.03;2398.0
ca-HepTh161.03;ca-HepTh;9877;9877;16;1.03;2682.0
ca-HepTh321.03;ca-HepTh;9877;9877;32;1.03;2921.0
ca-HepTh641.03;ca-HepTh;9877;9877;64;1.03;3110.0
ca-HepTh1281.03;ca-HepTh;9877;9877;128;1.03;3319.0
ca-HepTh21.05;ca-HepTh;9877;9877;2;1.05;1478.0
ca-HepTh41.05;ca-HepTh;9877;9877;4;1.05;2041.0
ca-HepTh81.05;ca-HepTh;9877;9877;8;1.05;2407.0
ca-HepTh161.05;ca-HepTh;9877;9877;16;1.05;2673.0
ca-HepTh321.05;ca-HepTh;9877;9877;32;1.05;2921.0
ca-HepTh641.05;ca-HepTh;9877;9877;64;1.05;3110.0
ca-HepTh1281.05;ca-HepTh;9877;9877;128;1.05;3276.0
cit-HepPh21.1;cit-HepPh;28230;32158;2;1.1;5383.0
cit-HepPh41.1;cit-HepPh;28230;32158;4;1.1;10056.0
cit-HepPh81.1;cit-HepPh;28230;32158;8;1.1;13264.0
cit-HepPh161.1;cit-HepPh;28230;32158;16;1.1;16439.0
cit-HepPh321.1;cit-HepPh;28230;32158;32;1.1;18824.0
cit-HepPh641.1;cit-HepPh;28230;32158;64;1.1;20530.0
cit-HepPh1281.1;cit-HepPh;28230;32158;128;1.1;22079.0
cit-HepPh21.03;cit-HepPh;28230;32158;2;1.03;5378.0
cit-HepPh41.03;cit-HepPh;28230;32158;4;1.03;10119.0
cit-HepPh81.03;cit-HepPh;28230;32158;8;1.03;13363.0
cit-HepPh161.03;cit-HepPh;28230;32158;16;1.03;16582.0
cit-HepPh321.03;cit-HepPh;28230;32158;32;1.03;19037.0
cit-HepPh641.03;cit-HepPh;28230;32158;64;1.03;20751.0
cit-HepPh1281.03;cit-HepPh;28230;32158;128;1.03;22291.0
cit-HepPh21.05;cit-HepPh;28230;32158;2;1.05;5383.0
cit-HepPh41.05;cit-HepPh;28230;32158;4;1.05;10013.0
cit-HepPh81.05;cit-HepPh;28230;32158;8;1.05;13432.0
cit-HepPh161.05;cit-HepPh;28230;32158;16;1.05;16544.0
cit-HepPh321.05;cit-HepPh;28230;32158;32;1.05;18986.0
cit-HepPh641.05;cit-HepPh;28230;32158;64;1.05;20662.0
cit-HepPh1281.05;cit-HepPh;28230;32158;128;1.05;22236.0
cit-HepTh21.1;cit-HepTh;23180;25059;2;1.1;5384.0
cit-HepTh41.1;cit-HepTh;23180;25059;4;1.1;9847.0
cit-HepTh81.1;cit-HepTh;23180;25059;8;1.1;11827.0
cit-HepTh161.1;cit-HepTh;23180;25059;16;1.1;13127.0
cit-HepTh321.1;cit-HepTh;23180;25059;32;1.1;14481.0
cit-HepTh641.1;cit-HepTh;23180;25059;64;1.1;15407.0
cit-HepTh1281.1;cit-HepTh;23180;25059;128;1.1;16326.0
cit-HepTh21.03;cit-HepTh;23180;25059;2;1.03;5637.0
cit-HepTh41.03;cit-HepTh;23180;25059;4;1.03;10115.0
cit-HepTh81.03;cit-HepTh;23180;25059;8;1.03;11899.0
cit-HepTh161.03;cit-HepTh;23180;25059;16;1.03;13234.0
cit-HepTh321.03;cit-HepTh;23180;25059;32;1.03;14524.0
cit-HepTh641.03;cit-HepTh;23180;25059;64;1.03;15520.0
cit-HepTh1281.03;cit-HepTh;23180;25059;128;1.03;16478.0
cit-HepTh21.05;cit-HepTh;23180;25059;2;1.05;6142.0
cit-HepTh41.05;cit-HepTh;23180;25059;4;1.05;9848.0
cit-HepTh81.05;cit-HepTh;23180;25059;8;1.05;11860.0
cit-HepTh161.05;cit-HepTh;23180;25059;16;1.05;13211.0
cit-HepTh321.05;cit-HepTh;23180;25059;32;1.05;14512.0
cit-HepTh641.05;cit-HepTh;23180;25059;64;1.05;15496.0
cit-HepTh1281.05;cit-HepTh;23180;25059;128;1.05;16398.0
cit-Patents21.1;cit-Patents;3258983;2089345;2;1.1;225429.0
cit-Patents41.1;cit-Patents;3258983;2089345;4;1.1;341057.0
cit-Patents81.1;cit-Patents;3258983;2089345;8;1.1;472128.0
cit-Patents161.1;cit-Patents;3258983;2089345;16;1.1;571728.0
cit-Patents321.1;cit-Patents;3258983;2089345;32;1.1;655147.0
cit-Patents641.1;cit-Patents;3258983;2089345;64;1.1;727329.0
cit-Patents1281.1;cit-Patents;3258983;2089345;128;1.1;796412.0
cit-Patents21.03;cit-Patents;3258983;2089345;2;1.03;227005.0
cit-Patents41.03;cit-Patents;3258983;2089345;4;1.03;348632.0
cit-Patents81.03;cit-Patents;3258983;2089345;8;1.03;486789.0
cit-Patents161.03;cit-Patents;3258983;2089345;16;1.03;578140.0
cit-Patents321.03;cit-Patents;3258983;2089345;32;1.03;666884.0
cit-Patents641.03;cit-Patents;3258983;2089345;64;1.03;736523.0
cit-Patents1281.03;cit-Patents;3258983;2089345;128;1.03;805121.0
cit-Patents21.05;cit-Patents;3258983;2089345;2;1.05;226870.0
cit-Patents41.05;cit-Patents;3258983;2089345;4;1.05;343984.0
cit-Patents81.05;cit-Patents;3258983;2089345;8;1.05;480210.0
cit-Patents161.05;cit-Patents;3258983;2089345;16;1.05;574866.0
cit-Patents321.05;cit-Patents;3258983;2089345;32;1.05;664047.0
cit-Patents641.05;cit-Patents;3258983;2089345;64;1.05;735456.0
cit-Patents1281.05;cit-Patents;3258983;2089345;128;1.05;801465.0
email-Enron21.1;email-Enron;36692;36692;2;1.1;3063.0
email-Enron41.1;email-Enron;36692;36692;4;1.1;6892.0
email-Enron81.1;email-Enron;36692;36692;8;1.1;8408.0
email-Enron161.1;email-Enron;36692;36692;16;1.1;9522.0
email-Enron321.1;email-Enron;36692;36692;32;1.1;10575.0
email-Enron641.1;email-Enron;36692;36692;64;1.1;11898.0
email-Enron1281.1;email-Enron;36692;36692;128;1.1;13813.0
email-Enron21.03;email-Enron;36692;36692;2;1.03;3563.0
email-Enron41.03;email-Enron;36692;36692;4;1.03;7063.0
email-Enron81.03;email-Enron;36692;36692;8;1.03;8569.0
email-Enron161.03;email-Enron;36692;36692;16;1.03;9722.0
email-Enron321.03;email-Enron;36692;36692;32;1.03;10749.0
email-Enron641.03;email-Enron;36692;36692;64;1.03;12111.0
email-Enron1281.03;email-Enron;36692;36692;128;1.03;14355.0
email-Enron21.05;email-Enron;36692;36692;2;1.05;3304.0
email-Enron41.05;email-Enron;36692;36692;4;1.05;7017.0
email-Enron81.05;email-Enron;36692;36692;8;1.05;8471.0
email-Enron161.05;email-Enron;36692;36692;16;1.05;9741.0
email-Enron321.05;email-Enron;36692;36692;32;1.05;10650.0
email-Enron641.05;email-Enron;36692;36692;64;1.05;12069.0
email-Enron1281.05;email-Enron;36692;36692;128;1.05;14215.0
email-EuAll21.1;email-EuAll;74660;225409;2;1.1;515.0
email-EuAll41.1;email-EuAll;74660;225409;4;1.1;516.0
email-EuAll81.1;email-EuAll;74660;225409;8;1.1;610.0
email-EuAll161.1;email-EuAll;74660;225409;16;1.1;1092.0
email-EuAll321.1;email-EuAll;74660;225409;32;1.1;8407.0
email-EuAll641.1;email-EuAll;74660;225409;64;1.1;11862.0
email-EuAll1281.1;email-EuAll;74660;225409;128;1.1;13775.0
email-EuAll21.03;email-EuAll;74660;225409;2;1.03;514.0
email-EuAll41.03;email-EuAll;74660;225409;4;1.03;525.0
email-EuAll81.03;email-EuAll;74660;225409;8;1.03;616.0
email-EuAll161.03;email-EuAll;74660;225409;16;1.03;1115.0
email-EuAll321.03;email-EuAll;74660;225409;32;1.03;8484.0
email-EuAll641.03;email-EuAll;74660;225409;64;1.03;12047.0
email-EuAll1281.03;email-EuAll;74660;225409;128;1.03;13770.0
email-EuAll21.05;email-EuAll;74660;225409;2;1.05;515.0
email-EuAll41.05;email-EuAll;74660;225409;4;1.05;521.0
email-EuAll81.05;email-EuAll;74660;225409;8;1.05;614.0
email-EuAll161.05;email-EuAll;74660;225409;16;1.05;1060.0
email-EuAll321.05;email-EuAll;74660;225409;32;1.05;8704.0
email-EuAll641.05;email-EuAll;74660;225409;64;1.05;11923.0
email-EuAll1281.05;email-EuAll;74660;225409;128;1.05;13796.0
Oregon-121.1;Oregon-1;11174;11174;2;1.1;179.0
Oregon-141.1;Oregon-1;11174;11174;4;1.1;864.0
Oregon-181.1;Oregon-1;11174;11174;8;1.1;1184.0
Oregon-1161.1;Oregon-1;11174;11174;16;1.1;1682.0
Oregon-1321.1;Oregon-1;11174;11174;32;1.1;2154.0
Oregon-1641.1;Oregon-1;11174;11174;64;1.1;2589.0
Oregon-11281.1;Oregon-1;11174;11174;128;1.1;3033.0
Oregon-121.03;Oregon-1;11174;11174;2;1.03;209.0
Oregon-141.03;Oregon-1;11174;11174;4;1.03;905.0
Oregon-181.03;Oregon-1;11174;11174;8;1.03;1255.0
Oregon-1161.03;Oregon-1;11174;11174;16;1.03;1742.0
Oregon-1321.03;Oregon-1;11174;11174;32;1.03;2138.0
Oregon-1641.03;Oregon-1;11174;11174;64;1.03;2614.0
Oregon-11281.03;Oregon-1;11174;11174;128;1.03;3069.0
Oregon-121.05;Oregon-1;11174;11174;2;1.05;203.0
Oregon-141.05;Oregon-1;11174;11174;4;1.05;881.0
Oregon-181.05;Oregon-1;11174;11174;8;1.05;1233.0
Oregon-1161.05;Oregon-1;11174;11174;16;1.05;1691.0
Oregon-1321.05;Oregon-1;11174;11174;32;1.05;2155.0
Oregon-1641.05;Oregon-1;11174;11174;64;1.05;2598.0
Oregon-11281.05;Oregon-1;11174;11174;128;1.05;3066.0
Oregon-221.1;Oregon-2;11461;11461;2;1.1;245.0
Oregon-241.1;Oregon-2;11461;11461;4;1.1;985.0
Oregon-281.1;Oregon-2;11461;11461;8;1.1;1477.0
Oregon-2161.1;Oregon-2;11461;11461;16;1.1;2146.0
Oregon-2321.1;Oregon-2;11461;11461;32;1.1;2571.0
Oregon-2641.1;Oregon-2;11461;11461;64;1.1;3053.0
Oregon-21281.1;Oregon-2;11461;11461;128;1.1;3572.0
Oregon-221.03;Oregon-2;11461;11461;2;1.03;338.0
Oregon-241.03;Oregon-2;11461;11461;4;1.03;1029.0
Oregon-281.03;Oregon-2;11461;11461;8;1.03;1534.0
Oregon-2161.03;Oregon-2;11461;11461;16;1.03;2186.0
Oregon-2321.03;Oregon-2;11461;11461;32;1.03;2640.0
Oregon-2641.03;Oregon-2;11461;11461;64;1.03;3115.0
Oregon-21281.03;Oregon-2;11461;11461;128;1.03;3618.0
Oregon-221.05;Oregon-2;11461;11461;2;1.05;295.0
Oregon-241.05;Oregon-2;11461;11461;4;1.05;1032.0
Oregon-281.05;Oregon-2;11461;11461;8;1.05;1502.0
Oregon-2161.05;Oregon-2;11461;11461;16;1.05;2179.0
Oregon-2321.05;Oregon-2;11461;11461;32;1.05;2614.0
Oregon-2641.05;Oregon-2;11461;11461;64;1.05;3090.0
Oregon-21281.05;Oregon-2;11461;11461;128;1.05;3588.0
p2p-Gnutella0421.1;p2p-Gnutella04;10856;4935;2;1.1;2796.0
p2p-Gnutella0441.1;p2p-Gnutella04;10856;4935;4;1.1;3206.0
p2p-Gnutella0481.1;p2p-Gnutella04;10856;4935;8;1.1;3352.0
p2p-Gnutella04161.1;p2p-Gnutella04;10856;4935;16;1.1;3503.0
p2p-Gnutella04321.1;p2p-Gnutella04;10856;4935;32;1.1;3653.0
p2p-Gnutella04641.1;p2p-Gnutella04;10856;4935;64;1.1;3799.0
p2p-Gnutella041281.1;p2p-Gnutella04;10856;4935;128;1.1;3864.0
p2p-Gnutella0421.03;p2p-Gnutella04;10856;4935;2;1.03;2791.0
p2p-Gnutella0441.03;p2p-Gnutella04;10856;4935;4;1.03;3186.0
p2p-Gnutella0481.03;p2p-Gnutella04;10856;4935;8;1.03;3354.0
p2p-Gnutella04161.03;p2p-Gnutella04;10856;4935;16;1.03;3510.0
p2p-Gnutella04321.03;p2p-Gnutella04;10856;4935;32;1.03;3659.0
p2p-Gnutella04641.03;p2p-Gnutella04;10856;4935;64;1.03;3815.0
p2p-Gnutella041281.03;p2p-Gnutella04;10856;4935;128;1.03;3868.0
p2p-Gnutella0421.05;p2p-Gnutella04;10856;4935;2;1.05;2805.0
p2p-Gnutella0441.05;p2p-Gnutella04;10856;4935;4;1.05;3179.0
p2p-Gnutella0481.05;p2p-Gnutella04;10856;4935;8;1.05;3369.0
p2p-Gnutella04161.05;p2p-Gnutella04;10856;4935;16;1.05;3504.0
p2p-Gnutella04321.05;p2p-Gnutella04;10856;4935;32;1.05;3660.0
p2p-Gnutella04641.05;p2p-Gnutella04;10856;4935;64;1.05;3812.0
p2p-Gnutella041281.05;p2p-Gnutella04;10856;4935;128;1.05;3863.0
p2p-Gnutella0521.1;p2p-Gnutella05;8728;3850;2;1.1;2178.0
p2p-Gnutella0541.1;p2p-Gnutella05;8728;3850;4;1.1;2494.0
p2p-Gnutella0581.1;p2p-Gnutella05;8728;3850;8;1.1;2626.0
p2p-Gnutella05161.1;p2p-Gnutella05;8728;3850;16;1.1;2741.0
p2p-Gnutella05321.1;p2p-Gnutella05;8728;3850;32;1.1;2878.0
p2p-Gnutella05641.1;p2p-Gnutella05;8728;3850;64;1.1;2944.0
p2p-Gnutella051281.1;p2p-Gnutella05;8728;3850;128;1.1;3094.0
p2p-Gnutella0521.03;p2p-Gnutella05;8728;3850;2;1.03;2145.0
p2p-Gnutella0541.03;p2p-Gnutella05;8728;3850;4;1.03;2450.0
p2p-Gnutella0581.03;p2p-Gnutella05;8728;3850;8;1.03;2597.0
p2p-Gnutella05161.03;p2p-Gnutella05;8728;3850;16;1.03;2728.0
p2p-Gnutella05321.03;p2p-Gnutella05;8728;3850;32;1.03;2880.0
p2p-Gnutella05641.03;p2p-Gnutella05;8728;3850;64;1.03;2952.0
p2p-Gnutella051281.03;p2p-Gnutella05;8728;3850;128;1.03;3107.0
p2p-Gnutella0521.05;p2p-Gnutella05;8728;3850;2;1.05;2186.0
p2p-Gnutella0541.05;p2p-Gnutella05;8728;3850;4;1.05;2452.0
p2p-Gnutella0581.05;p2p-Gnutella05;8728;3850;8;1.05;2636.0
p2p-Gnutella05161.05;p2p-Gnutella05;8728;3850;16;1.05;2729.0
p2p-Gnutella05321.05;p2p-Gnutella05;8728;3850;32;1.05;2878.0
p2p-Gnutella05641.05;p2p-Gnutella05;8728;3850;64;1.05;2945.0
p2p-Gnutella051281.05;p2p-Gnutella05;8728;3850;128;1.05;3105.0
p2p-Gnutella0621.1;p2p-Gnutella06;8638;3739;2;1.1;2108.0
p2p-Gnutella0641.1;p2p-Gnutella06;8638;3739;4;1.1;2399.0
p2p-Gnutella0681.1;p2p-Gnutella06;8638;3739;8;1.1;2575.0
p2p-Gnutella06161.1;p2p-Gnutella06;8638;3739;16;1.1;2763.0
p2p-Gnutella06321.1;p2p-Gnutella06;8638;3739;32;1.1;2918.0
p2p-Gnutella06641.1;p2p-Gnutella06;8638;3739;64;1.1;2975.0
p2p-Gnutella061281.1;p2p-Gnutella06;8638;3739;128;1.1;3020.0
p2p-Gnutella0621.03;p2p-Gnutella06;8638;3739;2;1.03;2108.0
p2p-Gnutella0641.03;p2p-Gnutella06;8638;3739;4;1.03;2382.0
p2p-Gnutella0681.03;p2p-Gnutella06;8638;3739;8;1.03;2615.0
p2p-Gnutella06161.03;p2p-Gnutella06;8638;3739;16;1.03;2783.0
p2p-Gnutella06321.03;p2p-Gnutella06;8638;3739;32;1.03;2945.0
p2p-Gnutella06641.03;p2p-Gnutella06;8638;3739;64;1.03;2980.0
p2p-Gnutella061281.03;p2p-Gnutella06;8638;3739;128;1.03;3034.0
p2p-Gnutella0621.05;p2p-Gnutella06;8638;3739;2;1.05;2113.0
p2p-Gnutella0641.05;p2p-Gnutella06;8638;3739;4;1.05;2362.0
p2p-Gnutella0681.05;p2p-Gnutella06;8638;3739;8;1.05;2633.0
p2p-Gnutella06161.05;p2p-Gnutella06;8638;3739;16;1.05;2783.0
p2p-Gnutella06321.05;p2p-Gnutella06;8638;3739;32;1.05;2932.0
p2p-Gnutella06641.05;p2p-Gnutella06;8638;3739;64;1.05;2979.0
p2p-Gnutella061281.05;p2p-Gnutella06;8638;3739;128;1.05;3027.0
p2p-Gnutella0821.1;p2p-Gnutella08;6221;2465;2;1.1;1138.0
p2p-Gnutella0841.1;p2p-Gnutella08;6221;2465;4;1.1;1346.0
p2p-Gnutella0881.1;p2p-Gnutella08;6221;2465;8;1.1;1456.0
p2p-Gnutella08161.1;p2p-Gnutella08;6221;2465;16;1.1;1546.0
p2p-Gnutella08321.1;p2p-Gnutella08;6221;2465;32;1.1;1634.0
p2p-Gnutella08641.1;p2p-Gnutella08;6221;2465;64;1.1;1710.0
p2p-Gnutella081281.1;p2p-Gnutella08;6221;2465;128;1.1;1992.0
p2p-Gnutella0821.03;p2p-Gnutella08;6221;2465;2;1.03;1135.0
p2p-Gnutella0841.03;p2p-Gnutella08;6221;2465;4;1.03;1341.0
p2p-Gnutella0881.03;p2p-Gnutella08;6221;2465;8;1.03;1448.0
p2p-Gnutella08161.03;p2p-Gnutella08;6221;2465;16;1.03;1546.0
p2p-Gnutella08321.03;p2p-Gnutella08;6221;2465;32;1.03;1640.0
p2p-Gnutella08641.03;p2p-Gnutella08;6221;2465;64;1.03;1726.0
p2p-Gnutella081281.03;p2p-Gnutella08;6221;2465;128;1.03;2005.0
p2p-Gnutella0821.05;p2p-Gnutella08;6221;2465;2;1.05;1150.0
p2p-Gnutella0841.05;p2p-Gnutella08;6221;2465;4;1.05;1327.0
p2p-Gnutella0881.05;p2p-Gnutella08;6221;2465;8;1.05;1435.0
p2p-Gnutella08161.05;p2p-Gnutella08;6221;2465;16;1.05;1545.0
p2p-Gnutella08321.05;p2p-Gnutella08;6221;2465;32;1.05;1642.0
p2p-Gnutella08641.05;p2p-Gnutella08;6221;2465;64;1.05;1713.0
p2p-Gnutella081281.05;p2p-Gnutella08;6221;2465;128;1.05;1997.0
p2p-Gnutella0921.1;p2p-Gnutella09;8038;3055;2;1.1;1491.0
p2p-Gnutella0941.1;p2p-Gnutella09;8038;3055;4;1.1;1754.0
p2p-Gnutella0981.1;p2p-Gnutella09;8038;3055;8;1.1;1866.0
p2p-Gnutella09161.1;p2p-Gnutella09;8038;3055;16;1.1;1971.0
p2p-Gnutella09321.1;p2p-Gnutella09;8038;3055;32;1.1;2102.0
p2p-Gnutella09641.1;p2p-Gnutella09;8038;3055;64;1.1;2146.0
p2p-Gnutella091281.1;p2p-Gnutella09;8038;3055;128;1.1;2419.0
p2p-Gnutella0921.03;p2p-Gnutella09;8038;3055;2;1.03;1485.0
p2p-Gnutella0941.03;p2p-Gnutella09;8038;3055;4;1.03;1711.0
p2p-Gnutella0981.03;p2p-Gnutella09;8038;3055;8;1.03;1848.0
p2p-Gnutella09161.03;p2p-Gnutella09;8038;3055;16;1.03;1955.0
p2p-Gnutella09321.03;p2p-Gnutella09;8038;3055;32;1.03;2103.0
p2p-Gnutella09641.03;p2p-Gnutella09;8038;3055;64;1.03;2147.0
p2p-Gnutella091281.03;p2p-Gnutella09;8038;3055;128;1.03;2447.0
p2p-Gnutella0921.05;p2p-Gnutella09;8038;3055;2;1.05;1476.0
p2p-Gnutella0941.05;p2p-Gnutella09;8038;3055;4;1.05;1748.0
p2p-Gnutella0981.05;p2p-Gnutella09;8038;3055;8;1.05;1865.0
p2p-Gnutella09161.05;p2p-Gnutella09;8038;3055;16;1.05;1974.0
p2p-Gnutella09321.05;p2p-Gnutella09;8038;3055;32;1.05;2096.0
p2p-Gnutella09641.05;p2p-Gnutella09;8038;3055;64;1.05;2146.0
p2p-Gnutella091281.05;p2p-Gnutella09;8038;3055;128;1.05;2427.0
p2p-Gnutella2421.1;p2p-Gnutella24;26187;7570;2;1.1;4252.0
p2p-Gnutella2441.1;p2p-Gnutella24;26187;7570;4;1.1;4862.0
p2p-Gnutella2481.1;p2p-Gnutella24;26187;7570;8;1.1;5216.0
p2p-Gnutella24161.1;p2p-Gnutella24;26187;7570;16;1.1;5371.0
p2p-Gnutella24321.1;p2p-Gnutella24;26187;7570;32;1.1;5637.0
p2p-Gnutella24641.1;p2p-Gnutella24;26187;7570;64;1.1;5895.0
p2p-Gnutella241281.1;p2p-Gnutella24;26187;7570;128;1.1;6083.0
p2p-Gnutella2421.03;p2p-Gnutella24;26187;7570;2;1.03;4208.0
p2p-Gnutella2441.03;p2p-Gnutella24;26187;7570;4;1.03;4825.0
p2p-Gnutella2481.03;p2p-Gnutella24;26187;7570;8;1.03;5089.0
p2p-Gnutella24161.03;p2p-Gnutella24;26187;7570;16;1.03;5365.0
p2p-Gnutella24321.03;p2p-Gnutella24;26187;7570;32;1.03;5620.0
p2p-Gnutella24641.03;p2p-Gnutella24;26187;7570;64;1.03;5916.0
p2p-Gnutella241281.03;p2p-Gnutella24;26187;7570;128;1.03;6096.0
p2p-Gnutella2421.05;p2p-Gnutella24;26187;7570;2;1.05;4202.0
p2p-Gnutella2441.05;p2p-Gnutella24;26187;7570;4;1.05;4923.0
p2p-Gnutella2481.05;p2p-Gnutella24;26187;7570;8;1.05;5198.0
p2p-Gnutella24161.05;p2p-Gnutella24;26187;7570;16;1.05;5406.0
p2p-Gnutella24321.05;p2p-Gnutella24;26187;7570;32;1.05;5612.0
p2p-Gnutella24641.05;p2p-Gnutella24;26187;7570;64;1.05;5909.0
p2p-Gnutella241281.05;p2p-Gnutella24;26187;7570;128;1.05;6093.0
p2p-Gnutella2521.1;p2p-Gnutella25;22352;6221;2;1.1;3374.0
p2p-Gnutella2541.1;p2p-Gnutella25;22352;6221;4;1.1;3987.0
p2p-Gnutella2581.1;p2p-Gnutella25;22352;6221;8;1.1;4181.0
p2p-Gnutella25161.1;p2p-Gnutella25;22352;6221;16;1.1;4327.0
p2p-Gnutella25321.1;p2p-Gnutella25;22352;6221;32;1.1;4559.0
p2p-Gnutella25641.1;p2p-Gnutella25;22352;6221;64;1.1;4844.0
p2p-Gnutella251281.1;p2p-Gnutella25;22352;6221;128;1.1;4955.0
p2p-Gnutella2521.03;p2p-Gnutella25;22352;6221;2;1.03;3349.0
p2p-Gnutella2541.03;p2p-Gnutella25;22352;6221;4;1.03;3892.0
p2p-Gnutella2581.03;p2p-Gnutella25;22352;6221;8;1.03;4151.0
p2p-Gnutella25161.03;p2p-Gnutella25;22352;6221;16;1.03;4373.0
p2p-Gnutella25321.03;p2p-Gnutella25;22352;6221;32;1.03;4591.0
p2p-Gnutella25641.03;p2p-Gnutella25;22352;6221;64;1.03;4843.0
p2p-Gnutella251281.03;p2p-Gnutella25;22352;6221;128;1.03;4974.0
p2p-Gnutella2521.05;p2p-Gnutella25;22352;6221;2;1.05;3351.0
p2p-Gnutella2541.05;p2p-Gnutella25;22352;6221;4;1.05;3926.0
p2p-Gnutella2581.05;p2p-Gnutella25;22352;6221;8;1.05;4202.0
p2p-Gnutella25161.05;p2p-Gnutella25;22352;6221;16;1.05;4384.0
p2p-Gnutella25321.05;p2p-Gnutella25;22352;6221;32;1.05;4583.0
p2p-Gnutella25641.05;p2p-Gnutella25;22352;6221;64;1.05;4875.0
p2p-Gnutella251281.05;p2p-Gnutella25;22352;6221;128;1.05;4959.0
p2p-Gnutella3021.1;p2p-Gnutella30;36453;9722;2;1.1;4907.0
p2p-Gnutella3041.1;p2p-Gnutella30;36453;9722;4;1.1;6155.0
p2p-Gnutella3081.1;p2p-Gnutella30;36453;9722;8;1.1;6596.0
p2p-Gnutella30161.1;p2p-Gnutella30;36453;9722;16;1.1;6733.0
p2p-Gnutella30321.1;p2p-Gnutella30;36453;9722;32;1.1;6999.0
p2p-Gnutella30641.1;p2p-Gnutella30;36453;9722;64;1.1;7373.0
p2p-Gnutella301281.1;p2p-Gnutella30;36453;9722;128;1.1;7819.0
p2p-Gnutella3021.03;p2p-Gnutella30;36453;9722;2;1.03;4890.0
p2p-Gnutella3041.03;p2p-Gnutella30;36453;9722;4;1.03;5946.0
p2p-Gnutella3081.03;p2p-Gnutella30;36453;9722;8;1.03;6471.0
p2p-Gnutella30161.03;p2p-Gnutella30;36453;9722;16;1.03;6703.0
p2p-Gnutella30321.03;p2p-Gnutella30;36453;9722;32;1.03;7008.0
p2p-Gnutella30641.03;p2p-Gnutella30;36453;9722;64;1.03;7383.0
p2p-Gnutella301281.03;p2p-Gnutella30;36453;9722;128;1.03;7764.0
p2p-Gnutella3021.05;p2p-Gnutella30;36453;9722;2;1.05;4894.0
p2p-Gnutella3041.05;p2p-Gnutella30;36453;9722;4;1.05;6122.0
p2p-Gnutella3081.05;p2p-Gnutella30;36453;9722;8;1.05;6509.0
p2p-Gnutella30161.05;p2p-Gnutella30;36453;9722;16;1.05;6792.0
p2p-Gnutella30321.05;p2p-Gnutella30;36453;9722;32;1.05;6982.0
p2p-Gnutella30641.05;p2p-Gnutella30;36453;9722;64;1.05;7379.0
p2p-Gnutella301281.05;p2p-Gnutella30;36453;9722;128;1.05;7800.0
p2p-Gnutella3121.1;p2p-Gnutella31;62283;16387;2;1.1;8165.0
p2p-Gnutella3141.1;p2p-Gnutella31;62283;16387;4;1.1;10637.0
p2p-Gnutella3181.1;p2p-Gnutella31;62283;16387;8;1.1;11371.0
p2p-Gnutella31161.1;p2p-Gnutella31;62283;16387;16;1.1;11486.0
p2p-Gnutella31321.1;p2p-Gnutella31;62283;16387;32;1.1;11784.0
p2p-Gnutella31641.1;p2p-Gnutella31;62283;16387;64;1.1;12237.0
p2p-Gnutella311281.1;p2p-Gnutella31;62283;16387;128;1.1;12951.0
p2p-Gnutella3121.03;p2p-Gnutella31;62283;16387;2;1.03;8078.0
p2p-Gnutella3141.03;p2p-Gnutella31;62283;16387;4;1.03;10215.0
p2p-Gnutella3181.03;p2p-Gnutella31;62283;16387;8;1.03;11101.0
p2p-Gnutella31161.03;p2p-Gnutella31;62283;16387;16;1.03;11393.0
p2p-Gnutella31321.03;p2p-Gnutella31;62283;16387;32;1.03;11763.0
p2p-Gnutella31641.03;p2p-Gnutella31;62283;16387;64;1.03;12280.0
p2p-Gnutella311281.03;p2p-Gnutella31;62283;16387;128;1.03;12930.0
p2p-Gnutella3121.05;p2p-Gnutella31;62283;16387;2;1.05;7961.0
p2p-Gnutella3141.05;p2p-Gnutella31;62283;16387;4;1.05;10319.0
p2p-Gnutella3181.05;p2p-Gnutella31;62283;16387;8;1.05;11211.0
p2p-Gnutella31161.05;p2p-Gnutella31;62283;16387;16;1.05;11385.0
p2p-Gnutella31321.05;p2p-Gnutella31;62283;16387;32;1.05;11742.0
p2p-Gnutella31641.05;p2p-Gnutella31;62283;16387;64;1.05;12262.0
p2p-Gnutella311281.05;p2p-Gnutella31;62283;16387;128;1.05;12979.0
roadNet-CA21.1;roadNet-CA;1965206;1965206;2;1.1;247.0
roadNet-CA41.1;roadNet-CA;1965206;1965206;4;1.1;659.0
roadNet-CA81.1;roadNet-CA;1965206;1965206;8;1.1;1316.0
roadNet-CA161.1;roadNet-CA;1965206;1965206;16;1.1;2368.0
roadNet-CA321.1;roadNet-CA;1965206;1965206;32;1.1;4109.0
roadNet-CA641.1;roadNet-CA;1965206;1965206;64;1.1;6608.0
roadNet-CA1281.1;roadNet-CA;1965206;1965206;128;1.1;10883.0
roadNet-CA21.03;roadNet-CA;1965206;1965206;2;1.03;241.0
roadNet-CA41.03;roadNet-CA;1965206;1965206;4;1.03;705.0
roadNet-CA81.03;roadNet-CA;1965206;1965206;8;1.03;1306.0
roadNet-CA161.03;roadNet-CA;1965206;1965206;16;1.03;2385.0
roadNet-CA321.03;roadNet-CA;1965206;1965206;32;1.03;4120.0
roadNet-CA641.03;roadNet-CA;1965206;1965206;64;1.03;6848.0
roadNet-CA1281.03;roadNet-CA;1965206;1965206;128;1.03;11194.0
roadNet-CA21.05;roadNet-CA;1965206;1965206;2;1.05;245.0
roadNet-CA41.05;roadNet-CA;1965206;1965206;4;1.05;724.0
roadNet-CA81.05;roadNet-CA;1965206;1965206;8;1.05;1342.0
roadNet-CA161.05;roadNet-CA;1965206;1965206;16;1.05;2350.0
roadNet-CA321.05;roadNet-CA;1965206;1965206;32;1.05;4061.0
roadNet-CA641.05;roadNet-CA;1965206;1965206;64;1.05;6643.0
roadNet-CA1281.05;roadNet-CA;1965206;1965206;128;1.05;10937.0
roadNet-PA21.1;roadNet-PA;1088092;1088092;2;1.1;250.0
roadNet-PA41.1;roadNet-PA;1088092;1088092;4;1.1;846.0
roadNet-PA81.1;roadNet-PA;1088092;1088092;8;1.1;1567.0
roadNet-PA161.1;roadNet-PA;1088092;1088092;16;1.1;2701.0
roadNet-PA321.1;roadNet-PA;1088092;1088092;32;1.1;4394.0
roadNet-PA641.1;roadNet-PA;1088092;1088092;64;1.1;6849.0
roadNet-PA1281.1;roadNet-PA;1088092;1088092;128;1.1;10583.0
roadNet-PA21.03;roadNet-PA;1088092;1088092;2;1.03;248.0
roadNet-PA41.03;roadNet-PA;1088092;1088092;4;1.03;797.0
roadNet-PA81.03;roadNet-PA;1088092;1088092;8;1.03;1571.0
roadNet-PA161.03;roadNet-PA;1088092;1088092;16;1.03;2601.0
roadNet-PA321.03;roadNet-PA;1088092;1088092;32;1.03;4452.0
roadNet-PA641.03;roadNet-PA;1088092;1088092;64;1.03;6959.0
roadNet-PA1281.03;roadNet-PA;1088092;1088092;128;1.03;10807.0
roadNet-PA21.05;roadNet-PA;1088092;1088092;2;1.05;252.0
roadNet-PA41.05;roadNet-PA;1088092;1088092;4;1.05;826.0
roadNet-PA81.05;roadNet-PA;1088092;1088092;8;1.05;1495.0
roadNet-PA161.05;roadNet-PA;1088092;1088092;16;1.05;2785.0
roadNet-PA321.05;roadNet-PA;1088092;1088092;32;1.05;4445.0
roadNet-PA641.05;roadNet-PA;1088092;1088092;64;1.05;6870.0
roadNet-PA1281.05;roadNet-PA;1088092;1088092;128;1.05;10563.0
roadNet-TX21.1;roadNet-TX;1379917;1379917;2;1.1;102.0
roadNet-TX41.1;roadNet-TX;1379917;1379917;4;1.1;305.0
roadNet-TX81.1;roadNet-TX;1379917;1379917;8;1.1;882.0
roadNet-TX161.1;roadNet-TX;1379917;1379917;16;1.1;1741.0
roadNet-TX321.1;roadNet-TX;1379917;1379917;32;1.1;3080.0
roadNet-TX641.1;roadNet-TX;1379917;1379917;64;1.1;5356.0
roadNet-TX1281.1;roadNet-TX;1379917;1379917;128;1.1;8784.0
roadNet-TX21.03;roadNet-TX;1379917;1379917;2;1.03;107.0
roadNet-TX41.03;roadNet-TX;1379917;1379917;4;1.03;309.0
roadNet-TX81.03;roadNet-TX;1379917;1379917;8;1.03;938.0
roadNet-TX161.03;roadNet-TX;1379917;1379917;16;1.03;1771.0
roadNet-TX321.03;roadNet-TX;1379917;1379917;32;1.03;3094.0
roadNet-TX641.03;roadNet-TX;1379917;1379917;64;1.03;5379.0
roadNet-TX1281.03;roadNet-TX;1379917;1379917;128;1.03;9078.0
roadNet-TX21.05;roadNet-TX;1379917;1379917;2;1.05;110.0
roadNet-TX41.05;roadNet-TX;1379917;1379917;4;1.05;310.0
roadNet-TX81.05;roadNet-TX;1379917;1379917;8;1.05;876.0
roadNet-TX161.05;roadNet-TX;1379917;1379917;16;1.05;1671.0
roadNet-TX321.05;roadNet-TX;1379917;1379917;32;1.05;3151.0
roadNet-TX641.05;roadNet-TX;1379917;1379917;64;1.05;5365.0
roadNet-TX1281.05;roadNet-TX;1379917;1379917;128;1.05;8829.0
soc-Epinions121.1;soc-Epinions1;51957;60341;2;1.1;10385.0
soc-Epinions141.1;soc-Epinions1;51957;60341;4;1.1;15462.0
soc-Epinions181.1;soc-Epinions1;51957;60341;8;1.1;17513.0
soc-Epinions1161.1;soc-Epinions1;51957;60341;16;1.1;18305.0
soc-Epinions1321.1;soc-Epinions1;51957;60341;32;1.1;19030.0
soc-Epinions1641.1;soc-Epinions1;51957;60341;64;1.1;19813.0
soc-Epinions11281.1;soc-Epinions1;51957;60341;128;1.1;20736.0
soc-Epinions121.03;soc-Epinions1;51957;60341;2;1.03;11370.0
soc-Epinions141.03;soc-Epinions1;51957;60341;4;1.03;15661.0
soc-Epinions181.03;soc-Epinions1;51957;60341;8;1.03;17491.0
soc-Epinions1161.03;soc-Epinions1;51957;60341;16;1.03;18356.0
soc-Epinions1321.03;soc-Epinions1;51957;60341;32;1.03;19171.0
soc-Epinions1641.03;soc-Epinions1;51957;60341;64;1.03;19960.0
soc-Epinions11281.03;soc-Epinions1;51957;60341;128;1.03;20893.0
soc-Epinions121.05;soc-Epinions1;51957;60341;2;1.05;11027.0
soc-Epinions141.05;soc-Epinions1;51957;60341;4;1.05;15338.0
soc-Epinions181.05;soc-Epinions1;51957;60341;8;1.05;17492.0
soc-Epinions1161.05;soc-Epinions1;51957;60341;16;1.05;18375.0
soc-Epinions1321.05;soc-Epinions1;51957;60341;32;1.05;19086.0
soc-Epinions1641.05;soc-Epinions1;51957;60341;64;1.05;19896.0
soc-Epinions11281.05;soc-Epinions1;51957;60341;128;1.05;20704.0
soc-sign-epinions21.1;soc-sign-epinions;84601;95318;2;1.1;8468.0
soc-sign-epinions41.1;soc-sign-epinions;84601;95318;4;1.1;20851.0
soc-sign-epinions81.1;soc-sign-epinions;84601;95318;8;1.1;23250.0
soc-sign-epinions161.1;soc-sign-epinions;84601;95318;16;1.1;24935.0
soc-sign-epinions321.1;soc-sign-epinions;84601;95318;32;1.1;25748.0
soc-sign-epinions641.1;soc-sign-epinions;84601;95318;64;1.1;26653.0
soc-sign-epinions1281.1;soc-sign-epinions;84601;95318;128;1.1;27908.0
soc-sign-epinions21.03;soc-sign-epinions;84601;95318;2;1.03;12495.0
soc-sign-epinions41.03;soc-sign-epinions;84601;95318;4;1.03;20954.0
soc-sign-epinions81.03;soc-sign-epinions;84601;95318;8;1.03;23715.0
soc-sign-epinions161.03;soc-sign-epinions;84601;95318;16;1.03;24961.0
soc-sign-epinions321.03;soc-sign-epinions;84601;95318;32;1.03;25929.0
soc-sign-epinions641.03;soc-sign-epinions;84601;95318;64;1.03;26826.0
soc-sign-epinions1281.03;soc-sign-epinions;84601;95318;128;1.03;28256.0
soc-sign-epinions21.05;soc-sign-epinions;84601;95318;2;1.05;10551.0
soc-sign-epinions41.05;soc-sign-epinions;84601;95318;4;1.05;20874.0
soc-sign-epinions81.05;soc-sign-epinions;84601;95318;8;1.05;23629.0
soc-sign-epinions161.05;soc-sign-epinions;84601;95318;16;1.05;24951.0
soc-sign-epinions321.05;soc-sign-epinions;84601;95318;32;1.05;25855.0
soc-sign-epinions641.05;soc-sign-epinions;84601;95318;64;1.05;26733.0
soc-sign-epinions1281.05;soc-sign-epinions;84601;95318;128;1.05;28097.0
soc-sign-Slashdot08110621.1;soc-sign-Slashdot081106;65675;43349;2;1.1;12085.0
soc-sign-Slashdot08110641.1;soc-sign-Slashdot081106;65675;43349;4;1.1;16651.0
soc-sign-Slashdot08110681.1;soc-sign-Slashdot081106;65675;43349;8;1.1;17962.0
soc-sign-Slashdot081106161.1;soc-sign-Slashdot081106;65675;43349;16;1.1;18444.0
soc-sign-Slashdot081106321.1;soc-sign-Slashdot081106;65675;43349;32;1.1;19161.0
soc-sign-Slashdot081106641.1;soc-sign-Slashdot081106;65675;43349;64;1.1;19869.0
soc-sign-Slashdot0811061281.1;soc-sign-Slashdot081106;65675;43349;128;1.1;20556.0
soc-sign-Slashdot08110621.03;soc-sign-Slashdot081106;65675;43349;2;1.03;13012.0
soc-sign-Slashdot08110641.03;soc-sign-Slashdot081106;65675;43349;4;1.03;16776.0
soc-sign-Slashdot08110681.03;soc-sign-Slashdot081106;65675;43349;8;1.03;18002.0
soc-sign-Slashdot081106161.03;soc-sign-Slashdot081106;65675;43349;16;1.03;18562.0
soc-sign-Slashdot081106321.03;soc-sign-Slashdot081106;65675;43349;32;1.03;19193.0
soc-sign-Slashdot081106641.03;soc-sign-Slashdot081106;65675;43349;64;1.03;19886.0
soc-sign-Slashdot0811061281.03;soc-sign-Slashdot081106;65675;43349;128;1.03;20574.0
soc-sign-Slashdot08110621.05;soc-sign-Slashdot081106;65675;43349;2;1.05;12889.0
soc-sign-Slashdot08110641.05;soc-sign-Slashdot081106;65675;43349;4;1.05;16750.0
soc-sign-Slashdot08110681.05;soc-sign-Slashdot081106;65675;43349;8;1.05;18018.0
soc-sign-Slashdot081106161.05;soc-sign-Slashdot081106;65675;43349;16;1.05;18566.0
soc-sign-Slashdot081106321.05;soc-sign-Slashdot081106;65675;43349;32;1.05;19209.0
soc-sign-Slashdot081106641.05;soc-sign-Slashdot081106;65675;43349;64;1.05;19911.0
soc-sign-Slashdot0811061281.05;soc-sign-Slashdot081106;65675;43349;128;1.05;20576.0
soc-sign-Slashdot09021621.1;soc-sign-Slashdot090216;70079;43873;2;1.1;12552.0
soc-sign-Slashdot09021641.1;soc-sign-Slashdot090216;70079;43873;4;1.1;16991.0
soc-sign-Slashdot09021681.1;soc-sign-Slashdot090216;70079;43873;8;1.1;18158.0
soc-sign-Slashdot090216161.1;soc-sign-Slashdot090216;70079;43873;16;1.1;18772.0
soc-sign-Slashdot090216321.1;soc-sign-Slashdot090216;70079;43873;32;1.1;19340.0
soc-sign-Slashdot090216641.1;soc-sign-Slashdot090216;70079;43873;64;1.1;20061.0
soc-sign-Slashdot0902161281.1;soc-sign-Slashdot090216;70079;43873;128;1.1;20834.0
soc-sign-Slashdot09021621.03;soc-sign-Slashdot090216;70079;43873;2;1.03;13633.0
soc-sign-Slashdot09021641.03;soc-sign-Slashdot090216;70079;43873;4;1.03;16972.0
soc-sign-Slashdot09021681.03;soc-sign-Slashdot090216;70079;43873;8;1.03;18305.0
soc-sign-Slashdot090216161.03;soc-sign-Slashdot090216;70079;43873;16;1.03;18898.0
soc-sign-Slashdot090216321.03;soc-sign-Slashdot090216;70079;43873;32;1.03;19426.0
soc-sign-Slashdot090216641.03;soc-sign-Slashdot090216;70079;43873;64;1.03;20196.0
soc-sign-Slashdot0902161281.03;soc-sign-Slashdot090216;70079;43873;128;1.03;20886.0
soc-sign-Slashdot09021621.05;soc-sign-Slashdot090216;70079;43873;2;1.05;13282.0
soc-sign-Slashdot09021641.05;soc-sign-Slashdot090216;70079;43873;4;1.05;16993.0
soc-sign-Slashdot09021681.05;soc-sign-Slashdot090216;70079;43873;8;1.05;18354.0
soc-sign-Slashdot090216161.05;soc-sign-Slashdot090216;70079;43873;16;1.05;18859.0
soc-sign-Slashdot090216321.05;soc-sign-Slashdot090216;70079;43873;32;1.05;19380.0
soc-sign-Slashdot090216641.05;soc-sign-Slashdot090216;70079;43873;64;1.05;20124.0
soc-sign-Slashdot0902161281.05;soc-sign-Slashdot090216;70079;43873;128;1.05;20873.0
soc-sign-Slashdot09022121.1;soc-sign-Slashdot090221;70284;44044;2;1.1;12638.0
soc-sign-Slashdot09022141.1;soc-sign-Slashdot090221;70284;44044;4;1.1;17035.0
soc-sign-Slashdot09022181.1;soc-sign-Slashdot090221;70284;44044;8;1.1;18342.0
soc-sign-Slashdot090221161.1;soc-sign-Slashdot090221;70284;44044;16;1.1;18793.0
soc-sign-Slashdot090221321.1;soc-sign-Slashdot090221;70284;44044;32;1.1;19358.0
soc-sign-Slashdot090221641.1;soc-sign-Slashdot090221;70284;44044;64;1.1;20079.0
soc-sign-Slashdot0902211281.1;soc-sign-Slashdot090221;70284;44044;128;1.1;20837.0
soc-sign-Slashdot09022121.03;soc-sign-Slashdot090221;70284;44044;2;1.03;13444.0
soc-sign-Slashdot09022141.03;soc-sign-Slashdot090221;70284;44044;4;1.03;17069.0
soc-sign-Slashdot09022181.03;soc-sign-Slashdot090221;70284;44044;8;1.03;18381.0
soc-sign-Slashdot090221161.03;soc-sign-Slashdot090221;70284;44044;16;1.03;18948.0
soc-sign-Slashdot090221321.03;soc-sign-Slashdot090221;70284;44044;32;1.03;19514.0
soc-sign-Slashdot090221641.03;soc-sign-Slashdot090221;70284;44044;64;1.03;20236.0
soc-sign-Slashdot0902211281.03;soc-sign-Slashdot090221;70284;44044;128;1.03;20930.0
soc-sign-Slashdot09022121.05;soc-sign-Slashdot090221;70284;44044;2;1.05;13392.0
soc-sign-Slashdot09022141.05;soc-sign-Slashdot090221;70284;44044;4;1.05;17039.0
soc-sign-Slashdot09022181.05;soc-sign-Slashdot090221;70284;44044;8;1.05;18396.0
soc-sign-Slashdot090221161.05;soc-sign-Slashdot090221;70284;44044;16;1.05;18830.0
soc-sign-Slashdot090221321.05;soc-sign-Slashdot090221;70284;44044;32;1.05;19480.0
soc-sign-Slashdot090221641.05;soc-sign-Slashdot090221;70284;44044;64;1.05;20135.0
soc-sign-Slashdot0902211281.05;soc-sign-Slashdot090221;70284;44044;128;1.05;20946.0
soc-Slashdot081121.1;soc-Slashdot0811;77360;77316;2;1.1;25831.0
soc-Slashdot081141.1;soc-Slashdot0811;77360;77316;4;1.1;30232.0
soc-Slashdot081181.1;soc-Slashdot0811;77360;77316;8;1.1;30970.0
soc-Slashdot0811161.1;soc-Slashdot0811;77360;77316;16;1.1;31866.0
soc-Slashdot0811321.1;soc-Slashdot0811;77360;77316;32;1.1;32536.0
soc-Slashdot0811641.1;soc-Slashdot0811;77360;77316;64;1.1;33766.0
soc-Slashdot08111281.1;soc-Slashdot0811;77360;77316;128;1.1;35370.0
soc-Slashdot081121.03;soc-Slashdot0811;77360;77316;2;1.03;25356.0
soc-Slashdot081141.03;soc-Slashdot0811;77360;77316;4;1.03;29705.0
soc-Slashdot081181.03;soc-Slashdot0811;77360;77316;8;1.03;31048.0
soc-Slashdot0811161.03;soc-Slashdot0811;77360;77316;16;1.03;31894.0
soc-Slashdot0811321.03;soc-Slashdot0811;77360;77316;32;1.03;32673.0
soc-Slashdot0811641.03;soc-Slashdot0811;77360;77316;64;1.03;33915.0
soc-Slashdot08111281.03;soc-Slashdot0811;77360;77316;128;1.03;35478.0
soc-Slashdot081121.05;soc-Slashdot0811;77360;77316;2;1.05;25476.0
soc-Slashdot081141.05;soc-Slashdot0811;77360;77316;4;1.05;29936.0
soc-Slashdot081181.05;soc-Slashdot0811;77360;77316;8;1.05;31074.0
soc-Slashdot0811161.05;soc-Slashdot0811;77360;77316;16;1.05;31812.0
soc-Slashdot0811321.05;soc-Slashdot0811;77360;77316;32;1.05;32613.0
soc-Slashdot0811641.05;soc-Slashdot0811;77360;77316;64;1.05;33891.0
soc-Slashdot08111281.05;soc-Slashdot0811;77360;77316;128;1.05;35591.0
soc-Slashdot090221.1;soc-Slashdot0902;82168;78441;2;1.1;26212.0
soc-Slashdot090241.1;soc-Slashdot0902;82168;78441;4;1.1;30553.0
soc-Slashdot090281.1;soc-Slashdot0902;82168;78441;8;1.1;31475.0
soc-Slashdot0902161.1;soc-Slashdot0902;82168;78441;16;1.1;32309.0
soc-Slashdot0902321.1;soc-Slashdot0902;82168;78441;32;1.1;33026.0
soc-Slashdot0902641.1;soc-Slashdot0902;82168;78441;64;1.1;34269.0
soc-Slashdot09021281.1;soc-Slashdot0902;82168;78441;128;1.1;35887.0
soc-Slashdot090221.03;soc-Slashdot0902;82168;78441;2;1.03;25650.0
soc-Slashdot090241.03;soc-Slashdot0902;82168;78441;4;1.03;30277.0
soc-Slashdot090281.03;soc-Slashdot0902;82168;78441;8;1.03;31492.0
soc-Slashdot0902161.03;soc-Slashdot0902;82168;78441;16;1.03;32447.0
soc-Slashdot0902321.03;soc-Slashdot0902;82168;78441;32;1.03;33174.0
soc-Slashdot0902641.03;soc-Slashdot0902;82168;78441;64;1.03;34455.0
soc-Slashdot09021281.03;soc-Slashdot0902;82168;78441;128;1.03;36169.0
soc-Slashdot090221.05;soc-Slashdot0902;82168;78441;2;1.05;25999.0
soc-Slashdot090241.05;soc-Slashdot0902;82168;78441;4;1.05;30533.0
soc-Slashdot090281.05;soc-Slashdot0902;82168;78441;8;1.05;31830.0
soc-Slashdot0902161.05;soc-Slashdot0902;82168;78441;16;1.05;32355.0
soc-Slashdot0902321.05;soc-Slashdot0902;82168;78441;32;1.05;33180.0
soc-Slashdot0902641.05;soc-Slashdot0902;82168;78441;64;1.05;34343.0
soc-Slashdot09021281.05;soc-Slashdot0902;82168;78441;128;1.05;35999.0
web-BerkStan21.1;web-BerkStan;617094;680486;2;1.1;1807.0
web-BerkStan41.1;web-BerkStan;617094;680486;4;1.1;4451.0
web-BerkStan81.1;web-BerkStan;617094;680486;8;1.1;16479.0
web-BerkStan161.1;web-BerkStan;617094;680486;16;1.1;39056.0
web-BerkStan321.1;web-BerkStan;617094;680486;32;1.1;90179.0
web-BerkStan641.1;web-BerkStan;617094;680486;64;1.1;136862.0
web-BerkStan1281.1;web-BerkStan;617094;680486;128;1.1;173077.0
web-BerkStan21.03;web-BerkStan;617094;680486;2;1.03;1219.0
web-BerkStan41.03;web-BerkStan;617094;680486;4;1.03;4922.0
web-BerkStan81.03;web-BerkStan;617094;680486;8;1.03;19258.0
web-BerkStan161.03;web-BerkStan;617094;680486;16;1.03;43507.0
web-BerkStan321.03;web-BerkStan;617094;680486;32;1.03;94640.0
web-BerkStan641.03;web-BerkStan;617094;680486;64;1.03;139658.0
web-BerkStan1281.03;web-BerkStan;617094;680486;128;1.03;174492.0
web-BerkStan21.05;web-BerkStan;617094;680486;2;1.05;1082.0
web-BerkStan41.05;web-BerkStan;617094;680486;4;1.05;3085.0
web-BerkStan81.05;web-BerkStan;617094;680486;8;1.05;17427.0
web-BerkStan161.05;web-BerkStan;617094;680486;16;1.05;42627.0
web-BerkStan321.05;web-BerkStan;617094;680486;32;1.05;91613.0
web-BerkStan641.05;web-BerkStan;617094;680486;64;1.05;138180.0
web-BerkStan1281.05;web-BerkStan;617094;680486;128;1.05;174477.0
web-Google21.1;web-Google;714545;739454;2;1.1;9736.0
web-Google41.1;web-Google;714545;739454;4;1.1;13131.0
web-Google81.1;web-Google;714545;739454;8;1.1;14995.0
web-Google161.1;web-Google;714545;739454;16;1.1;16453.0
web-Google321.1;web-Google;714545;739454;32;1.1;17750.0
web-Google641.1;web-Google;714545;739454;64;1.1;21961.0
web-Google1281.1;web-Google;714545;739454;128;1.1;36922.0
web-Google21.03;web-Google;714545;739454;2;1.03;9744.0
web-Google41.03;web-Google;714545;739454;4;1.03;13292.0
web-Google81.03;web-Google;714545;739454;8;1.03;15037.0
web-Google161.03;web-Google;714545;739454;16;1.03;16673.0
web-Google321.03;web-Google;714545;739454;32;1.03;17878.0
web-Google641.03;web-Google;714545;739454;64;1.03;22818.0
web-Google1281.03;web-Google;714545;739454;128;1.03;39818.0
web-Google21.05;web-Google;714545;739454;2;1.05;9624.0
web-Google41.05;web-Google;714545;739454;4;1.05;13066.0
web-Google81.05;web-Google;714545;739454;8;1.05;15096.0
web-Google161.05;web-Google;714545;739454;16;1.05;16527.0
web-Google321.05;web-Google;714545;739454;32;1.05;17733.0
web-Google641.05;web-Google;714545;739454;64;1.05;22478.0
web-Google1281.05;web-Google;714545;739454;128;1.05;38570.0
web-NotreDame21.1;web-NotreDame;325729;137941;2;1.1;784.0
web-NotreDame41.1;web-NotreDame;325729;137941;4;1.1;2019.0
web-NotreDame81.1;web-NotreDame;325729;137941;8;1.1;4792.0
web-NotreDame161.1;web-NotreDame;325729;137941;16;1.1;6692.0
web-NotreDame321.1;web-NotreDame;325729;137941;32;1.1;6953.0
web-NotreDame641.1;web-NotreDame;325729;137941;64;1.1;14059.0
web-NotreDame1281.1;web-NotreDame;325729;137941;128;1.1;22179.0
web-NotreDame21.03;web-NotreDame;325729;137941;2;1.03;814.0
web-NotreDame41.03;web-NotreDame;325729;137941;4;1.03;2321.0
web-NotreDame81.03;web-NotreDame;325729;137941;8;1.03;5325.0
web-NotreDame161.03;web-NotreDame;325729;137941;16;1.03;6250.0
web-NotreDame321.03;web-NotreDame;325729;137941;32;1.03;7491.0
web-NotreDame641.03;web-NotreDame;325729;137941;64;1.03;15070.0
web-NotreDame1281.03;web-NotreDame;325729;137941;128;1.03;22629.0
web-NotreDame21.05;web-NotreDame;325729;137941;2;1.05;732.0
web-NotreDame41.05;web-NotreDame;325729;137941;4;1.05;2649.0
web-NotreDame81.05;web-NotreDame;325729;137941;8;1.05;4657.0
web-NotreDame161.05;web-NotreDame;325729;137941;16;1.05;5998.0
web-NotreDame321.05;web-NotreDame;325729;137941;32;1.05;7171.0
web-NotreDame641.05;web-NotreDame;325729;137941;64;1.05;14385.0
web-NotreDame1281.05;web-NotreDame;325729;137941;128;1.05;22481.0
web-Stanford21.1;web-Stanford;261588;281731;2;1.1;276.0
web-Stanford41.1;web-Stanford;261588;281731;4;1.1;2689.0
web-Stanford81.1;web-Stanford;261588;281731;8;1.1;10263.0
web-Stanford161.1;web-Stanford;261588;281731;16;1.1;15257.0
web-Stanford321.1;web-Stanford;261588;281731;32;1.1;34167.0
web-Stanford641.1;web-Stanford;261588;281731;64;1.1;50917.0
web-Stanford1281.1;web-Stanford;261588;281731;128;1.1;60407.0
web-Stanford21.03;web-Stanford;261588;281731;2;1.03;269.0
web-Stanford41.03;web-Stanford;261588;281731;4;1.03;3046.0
web-Stanford81.03;web-Stanford;261588;281731;8;1.03;10555.0
web-Stanford161.03;web-Stanford;261588;281731;16;1.03;15473.0
web-Stanford321.03;web-Stanford;261588;281731;32;1.03;34839.0
web-Stanford641.03;web-Stanford;261588;281731;64;1.03;51039.0
web-Stanford1281.03;web-Stanford;261588;281731;128;1.03;61580.0
web-Stanford21.05;web-Stanford;261588;281731;2;1.05;217.0
web-Stanford41.05;web-Stanford;261588;281731;4;1.05;3085.0
web-Stanford81.05;web-Stanford;261588;281731;8;1.05;10401.0
web-Stanford161.05;web-Stanford;261588;281731;16;1.05;15254.0
web-Stanford321.05;web-Stanford;261588;281731;32;1.05;34723.0
web-Stanford641.05;web-Stanford;261588;281731;64;1.05;51639.0
web-Stanford1281.05;web-Stanford;261588;281731;128;1.05;61254.0
wiki-Talk21.1;wiki-Talk;2369181;147602;2;1.1;8402.0
wiki-Talk41.1;wiki-Talk;2369181;147602;4;1.1;8531.0
wiki-Talk81.1;wiki-Talk;2369181;147602;8;1.1;8603.0
wiki-Talk161.1;wiki-Talk;2369181;147602;16;1.1;9810.0
wiki-Talk321.1;wiki-Talk;2369181;147602;32;1.1;15228.0
wiki-Talk641.1;wiki-Talk;2369181;147602;64;1.1;32663.0
wiki-Talk1281.1;wiki-Talk;2369181;147602;128;1.1;39259.0
wiki-Talk21.03;wiki-Talk;2369181;147602;2;1.03;8413.0
wiki-Talk41.03;wiki-Talk;2369181;147602;4;1.03;8539.0
wiki-Talk81.03;wiki-Talk;2369181;147602;8;1.03;8604.0
wiki-Talk161.03;wiki-Talk;2369181;147602;16;1.03;9819.0
wiki-Talk321.03;wiki-Talk;2369181;147602;32;1.03;15230.0
wiki-Talk641.03;wiki-Talk;2369181;147602;64;1.03;32514.0
wiki-Talk1281.03;wiki-Talk;2369181;147602;128;1.03;39569.0
wiki-Talk21.05;wiki-Talk;2369181;147602;2;1.05;8406.0
wiki-Talk41.05;wiki-Talk;2369181;147602;4;1.05;8518.0
wiki-Talk81.05;wiki-Talk;2369181;147602;8;1.05;8605.0
wiki-Talk161.05;wiki-Talk;2369181;147602;16;1.05;9822.0
wiki-Talk321.05;wiki-Talk;2369181;147602;32;1.05;15246.0
wiki-Talk641.05;wiki-Talk;2369181;147602;64;1.05;32757.0
wiki-Talk1281.05;wiki-Talk;2369181;147602;128;1.05;39559.0
wiki-Vote21.1;wiki-Vote;2381;6110;2;1.1;1390.0
wiki-Vote41.1;wiki-Vote;2381;6110;4;1.1;2230.0
wiki-Vote81.1;wiki-Vote;2381;6110;8;1.1;2674.0
wiki-Vote161.1;wiki-Vote;2381;6110;16;1.1;2893.0
wiki-Vote321.1;wiki-Vote;2381;6110;32;1.1;3013.0
wiki-Vote641.1;wiki-Vote;2381;6110;64;1.1;3095.0
wiki-Vote1281.1;wiki-Vote;2381;6110;128;1.1;3169.0
wiki-Vote21.03;wiki-Vote;2381;6110;2;1.03;1451.0
wiki-Vote41.03;wiki-Vote;2381;6110;4;1.03;2272.0
wiki-Vote81.03;wiki-Vote;2381;6110;8;1.03;2663.0
wiki-Vote161.03;wiki-Vote;2381;6110;16;1.03;2921.0
wiki-Vote321.03;wiki-Vote;2381;6110;32;1.03;3058.0
wiki-Vote641.03;wiki-Vote;2381;6110;64;1.03;3161.0
wiki-Vote1281.03;wiki-Vote;2381;6110;128;1.03;3301.0
wiki-Vote21.05;wiki-Vote;2381;6110;2;1.05;1431.0
wiki-Vote41.05;wiki-Vote;2381;6110;4;1.05;2279.0
wiki-Vote81.05;wiki-Vote;2381;6110;8;1.05;2673.0
wiki-Vote161.05;wiki-Vote;2381;6110;16;1.05;2895.0
wiki-Vote321.05;wiki-Vote;2381;6110;32;1.05;3028.0
wiki-Vote641.05;wiki-Vote;2381;6110;64;1.05;3106.0
wiki-Vote1281.05;wiki-Vote;2381;6110;128;1.05;3295.0
