ca-CondMat21.03;ca-CondMat;23133;23133;186994;2;1.03;4142.0
ca-CondMat41.03;ca-CondMat;23133;23133;186994;4;1.03;7003.0
ca-CondMat81.03;ca-CondMat;23133;23133;186994;8;1.03;8506.0
ca-CondMat161.03;ca-CondMat;23133;23133;186994;16;1.03;9498.0
ca-CondMat321.03;ca-CondMat;23133;23133;186994;32;1.03;10194.0
ca-CondMat641.03;ca-CondMat;23133;23133;186994;64;1.03;10826.0
ca-CondMat1281.03;ca-CondMat;23133;23133;186994;128;1.03;11379.0
ca-CondMat21.05;ca-CondMat;23133;23133;186994;2;1.05;4100.0
ca-CondMat41.05;ca-CondMat;23133;23133;186994;4;1.05;7058.0
ca-CondMat81.05;ca-CondMat;23133;23133;186994;8;1.05;8594.0
ca-CondMat161.05;ca-CondMat;23133;23133;186994;16;1.05;9479.0
ca-CondMat321.05;ca-CondMat;23133;23133;186994;32;1.05;10159.0
ca-CondMat641.05;ca-CondMat;23133;23133;186994;64;1.05;10731.0
ca-CondMat1281.05;ca-CondMat;23133;23133;186994;128;1.05;11224.0
ca-CondMat21.1;ca-CondMat;23133;23133;186994;2;1.1;3893.0
ca-CondMat41.1;ca-CondMat;23133;23133;186994;4;1.1;6933.0
ca-CondMat81.1;ca-CondMat;23133;23133;186994;8;1.1;8573.0
ca-CondMat161.1;ca-CondMat;23133;23133;186994;16;1.1;9385.0
ca-CondMat321.1;ca-CondMat;23133;23133;186994;32;1.1;10200.0
ca-CondMat641.1;ca-CondMat;23133;23133;186994;64;1.1;10751.0
ca-CondMat1281.1;ca-CondMat;23133;23133;186994;128;1.1;11289.0
ca-GrQc21.03;ca-GrQc;5242;5242;28992;2;1.03;429.0
ca-GrQc41.03;ca-GrQc;5242;5242;28992;4;1.03;676.0
ca-GrQc81.03;ca-GrQc;5242;5242;28992;8;1.03;901.0
ca-GrQc161.03;ca-GrQc;5242;5242;28992;16;1.03;1049.0
ca-GrQc321.03;ca-GrQc;5242;5242;28992;32;1.03;1205.0
ca-GrQc641.03;ca-GrQc;5242;5242;28992;64;1.03;1384.0
ca-GrQc1281.03;ca-GrQc;5242;5242;28992;128;1.03;1631.0
ca-GrQc21.05;ca-GrQc;5242;5242;28992;2;1.05;415.0
ca-GrQc41.05;ca-GrQc;5242;5242;28992;4;1.05;649.0
ca-GrQc81.05;ca-GrQc;5242;5242;28992;8;1.05;904.0
ca-GrQc161.05;ca-GrQc;5242;5242;28992;16;1.05;1071.0
ca-GrQc321.05;ca-GrQc;5242;5242;28992;32;1.05;1235.0
ca-GrQc641.05;ca-GrQc;5242;5242;28992;64;1.05;1385.0
ca-GrQc1281.05;ca-GrQc;5242;5242;28992;128;1.05;1599.0
ca-GrQc21.1;ca-GrQc;5242;5242;28992;2;1.1;412.0
ca-GrQc41.1;ca-GrQc;5242;5242;28992;4;1.1;643.0
ca-GrQc81.1;ca-GrQc;5242;5242;28992;8;1.1;875.0
ca-GrQc161.1;ca-GrQc;5242;5242;28992;16;1.1;1051.0
ca-GrQc321.1;ca-GrQc;5242;5242;28992;32;1.1;1192.0
ca-GrQc641.1;ca-GrQc;5242;5242;28992;64;1.1;1379.0
ca-GrQc1281.1;ca-GrQc;5242;5242;28992;128;1.1;1616.0
ca-HepPh21.03;ca-HepPh;12008;12008;237042;2;1.03;2698.0
ca-HepPh41.03;ca-HepPh;12008;12008;237042;4;1.03;4252.0
ca-HepPh81.03;ca-HepPh;12008;12008;237042;8;1.03;5051.0
ca-HepPh161.03;ca-HepPh;12008;12008;237042;16;1.03;5695.0
ca-HepPh321.03;ca-HepPh;12008;12008;237042;32;1.03;6081.0
ca-HepPh641.03;ca-HepPh;12008;12008;237042;64;1.03;6538.0
ca-HepPh1281.03;ca-HepPh;12008;12008;237042;128;1.03;6863.0
ca-HepPh21.05;ca-HepPh;12008;12008;237042;2;1.05;2708.0
ca-HepPh41.05;ca-HepPh;12008;12008;237042;4;1.05;4267.0
ca-HepPh81.05;ca-HepPh;12008;12008;237042;8;1.05;5055.0
ca-HepPh161.05;ca-HepPh;12008;12008;237042;16;1.05;5626.0
ca-HepPh321.05;ca-HepPh;12008;12008;237042;32;1.05;6070.0
ca-HepPh641.05;ca-HepPh;12008;12008;237042;64;1.05;6465.0
ca-HepPh1281.05;ca-HepPh;12008;12008;237042;128;1.05;6894.0
ca-HepPh21.1;ca-HepPh;12008;12008;237042;2;1.1;2574.0
ca-HepPh41.1;ca-HepPh;12008;12008;237042;4;1.1;4202.0
ca-HepPh81.1;ca-HepPh;12008;12008;237042;8;1.1;5079.0
ca-HepPh161.1;ca-HepPh;12008;12008;237042;16;1.1;5554.0
ca-HepPh321.1;ca-HepPh;12008;12008;237042;32;1.1;6043.0
ca-HepPh641.1;ca-HepPh;12008;12008;237042;64;1.1;6477.0
ca-HepPh1281.1;ca-HepPh;12008;12008;237042;128;1.1;6820.0
ca-HepTh21.03;ca-HepTh;9877;9877;51996;2;1.03;1361.0
ca-HepTh41.03;ca-HepTh;9877;9877;51996;4;1.03;2139.0
ca-HepTh81.03;ca-HepTh;9877;9877;51996;8;1.03;2681.0
ca-HepTh161.03;ca-HepTh;9877;9877;51996;16;1.03;3056.0
ca-HepTh321.03;ca-HepTh;9877;9877;51996;32;1.03;3321.0
ca-HepTh641.03;ca-HepTh;9877;9877;51996;64;1.03;3653.0
ca-HepTh1281.03;ca-HepTh;9877;9877;51996;128;1.03;3845.0
ca-HepTh21.05;ca-HepTh;9877;9877;51996;2;1.05;1364.0
ca-HepTh41.05;ca-HepTh;9877;9877;51996;4;1.05;2114.0
ca-HepTh81.05;ca-HepTh;9877;9877;51996;8;1.05;2636.0
ca-HepTh161.05;ca-HepTh;9877;9877;51996;16;1.05;3046.0
ca-HepTh321.05;ca-HepTh;9877;9877;51996;32;1.05;3336.0
ca-HepTh641.05;ca-HepTh;9877;9877;51996;64;1.05;3555.0
ca-HepTh1281.05;ca-HepTh;9877;9877;51996;128;1.05;3809.0
ca-HepTh21.1;ca-HepTh;9877;9877;51996;2;1.1;1298.0
ca-HepTh41.1;ca-HepTh;9877;9877;51996;4;1.1;2098.0
ca-HepTh81.1;ca-HepTh;9877;9877;51996;8;1.1;2670.0
ca-HepTh161.1;ca-HepTh;9877;9877;51996;16;1.1;2988.0
ca-HepTh321.1;ca-HepTh;9877;9877;51996;32;1.1;3302.0
ca-HepTh641.1;ca-HepTh;9877;9877;51996;64;1.1;3535.0
ca-HepTh1281.1;ca-HepTh;9877;9877;51996;128;1.1;3784.0
cit-HepPh21.03;cit-HepPh;34546;32158;421578;2;1.03;5503.0
cit-HepPh41.03;cit-HepPh;34546;32158;421578;4;1.03;9941.0
cit-HepPh81.03;cit-HepPh;34546;32158;421578;8;1.03;13933.0
cit-HepPh161.03;cit-HepPh;34546;32158;421578;16;1.03;17237.0
cit-HepPh321.03;cit-HepPh;34546;32158;421578;32;1.03;19848.0
cit-HepPh641.03;cit-HepPh;34546;32158;421578;64;1.03;21982.0
cit-HepPh1281.03;cit-HepPh;34546;32158;421578;128;1.03;23603.0
cit-HepPh21.05;cit-HepPh;34546;32158;421578;2;1.05;5505.0
cit-HepPh41.05;cit-HepPh;34546;32158;421578;4;1.05;9798.0
cit-HepPh81.05;cit-HepPh;34546;32158;421578;8;1.05;13638.0
cit-HepPh161.05;cit-HepPh;34546;32158;421578;16;1.05;17305.0
cit-HepPh321.05;cit-HepPh;34546;32158;421578;32;1.05;20080.0
cit-HepPh641.05;cit-HepPh;34546;32158;421578;64;1.05;21804.0
cit-HepPh1281.05;cit-HepPh;34546;32158;421578;128;1.05;23423.0
cit-HepPh21.1;cit-HepPh;34546;32158;421578;2;1.1;5416.0
cit-HepPh41.1;cit-HepPh;34546;32158;421578;4;1.1;9763.0
cit-HepPh81.1;cit-HepPh;34546;32158;421578;8;1.1;13982.0
cit-HepPh161.1;cit-HepPh;34546;32158;421578;16;1.1;16787.0
cit-HepPh321.1;cit-HepPh;34546;32158;421578;32;1.1;19888.0
cit-HepPh641.1;cit-HepPh;34546;32158;421578;64;1.1;21655.0
cit-HepPh1281.1;cit-HepPh;34546;32158;421578;128;1.1;23398.0
cit-HepTh21.03;cit-HepTh;27770;25059;352807;2;1.03;4018.0
cit-HepTh41.03;cit-HepTh;27770;25059;352807;4;1.03;9509.0
cit-HepTh81.03;cit-HepTh;27770;25059;352807;8;1.03;12724.0
cit-HepTh161.03;cit-HepTh;27770;25059;352807;16;1.03;13965.0
cit-HepTh321.03;cit-HepTh;27770;25059;352807;32;1.03;15371.0
cit-HepTh641.03;cit-HepTh;27770;25059;352807;64;1.03;16522.0
cit-HepTh1281.03;cit-HepTh;27770;25059;352807;128;1.03;17398.0
cit-HepTh21.05;cit-HepTh;27770;25059;352807;2;1.05;3996.0
cit-HepTh41.05;cit-HepTh;27770;25059;352807;4;1.05;9688.0
cit-HepTh81.05;cit-HepTh;27770;25059;352807;8;1.05;12136.0
cit-HepTh161.05;cit-HepTh;27770;25059;352807;16;1.05;13930.0
cit-HepTh321.05;cit-HepTh;27770;25059;352807;32;1.05;15341.0
cit-HepTh641.05;cit-HepTh;27770;25059;352807;64;1.05;16537.0
cit-HepTh1281.05;cit-HepTh;27770;25059;352807;128;1.05;17389.0
cit-HepTh21.1;cit-HepTh;27770;25059;352807;2;1.1;3779.0
cit-HepTh41.1;cit-HepTh;27770;25059;352807;4;1.1;9639.0
cit-HepTh81.1;cit-HepTh;27770;25059;352807;8;1.1;12579.0
cit-HepTh161.1;cit-HepTh;27770;25059;352807;16;1.1;13890.0
cit-HepTh321.1;cit-HepTh;27770;25059;352807;32;1.1;15392.0
cit-HepTh641.1;cit-HepTh;27770;25059;352807;64;1.1;16497.0
cit-HepTh1281.1;cit-HepTh;27770;25059;352807;128;1.1;17405.0
email-Enron21.03;email-Enron;36692;36692;367662;2;1.03;5395.0
email-Enron41.03;email-Enron;36692;36692;367662;4;1.03;7830.0
email-Enron81.03;email-Enron;36692;36692;367662;8;1.03;10094.0
email-Enron161.03;email-Enron;36692;36692;367662;16;1.03;11942.0
email-Enron321.03;email-Enron;36692;36692;367662;32;1.03;13565.0
email-Enron641.03;email-Enron;36692;36692;367662;64;1.03;15714.0
email-Enron1281.03;email-Enron;36692;36692;367662;128;1.03;16762.0
email-Enron21.05;email-Enron;36692;36692;367662;2;1.05;5310.0
email-Enron41.05;email-Enron;36692;36692;367662;4;1.05;8016.0
email-Enron81.05;email-Enron;36692;36692;367662;8;1.05;9985.0
email-Enron161.05;email-Enron;36692;36692;367662;16;1.05;12321.0
email-Enron321.05;email-Enron;36692;36692;367662;32;1.05;13458.0
email-Enron641.05;email-Enron;36692;36692;367662;64;1.05;15363.0
email-Enron1281.05;email-Enron;36692;36692;367662;128;1.05;16565.0
email-Enron21.1;email-Enron;36692;36692;367662;2;1.1;5202.0
email-Enron41.1;email-Enron;36692;36692;367662;4;1.1;8102.0
email-Enron81.1;email-Enron;36692;36692;367662;8;1.1;9581.0
email-Enron161.1;email-Enron;36692;36692;367662;16;1.1;11521.0
email-Enron321.1;email-Enron;36692;36692;367662;32;1.1;13419.0
email-Enron641.1;email-Enron;36692;36692;367662;64;1.1;15393.0
email-Enron1281.1;email-Enron;36692;36692;367662;128;1.1;16705.0
email-EuAll21.03;email-EuAll;265214;225409;420045;2;1.03;-1
email-EuAll41.03;email-EuAll;265214;225409;420045;4;1.03;-1
email-EuAll81.03;email-EuAll;265214;225409;420045;8;1.03;835.0
email-EuAll161.03;email-EuAll;265214;225409;420045;16;1.03;1915.0
email-EuAll321.03;email-EuAll;265214;225409;420045;32;1.03;3727.0
email-EuAll641.03;email-EuAll;265214;225409;420045;64;1.03;4524.0
email-EuAll1281.03;email-EuAll;265214;225409;420045;128;1.03;13190.0
email-EuAll21.05;email-EuAll;265214;225409;420045;2;1.05;-1
email-EuAll41.05;email-EuAll;265214;225409;420045;4;1.05;-1
email-EuAll81.05;email-EuAll;265214;225409;420045;8;1.05;712.0
email-EuAll161.05;email-EuAll;265214;225409;420045;16;1.05;7175.0
email-EuAll321.05;email-EuAll;265214;225409;420045;32;1.05;9222.0
email-EuAll641.05;email-EuAll;265214;225409;420045;64;1.05;12151.0
email-EuAll1281.05;email-EuAll;265214;225409;420045;128;1.05;13307.0
email-EuAll21.1;email-EuAll;265214;225409;420045;2;1.1;-1
email-EuAll41.1;email-EuAll;265214;225409;420045;4;1.1;-1
email-EuAll81.1;email-EuAll;265214;225409;420045;8;1.1;750.0
email-EuAll161.1;email-EuAll;265214;225409;420045;16;1.1;8675.0
email-EuAll321.1;email-EuAll;265214;225409;420045;32;1.1;3449.0
email-EuAll641.1;email-EuAll;265214;225409;420045;64;1.1;12366.0
email-EuAll1281.1;email-EuAll;265214;225409;420045;128;1.1;14148.0
Oregon-121.03;Oregon-1;11492;11174;46818;2;1.03;726.0
Oregon-141.03;Oregon-1;11492;11174;46818;4;1.03;1167.0
Oregon-181.03;Oregon-1;11492;11174;46818;8;1.03;1431.0
Oregon-1161.03;Oregon-1;11492;11174;46818;16;1.03;1707.0
Oregon-1321.03;Oregon-1;11492;11174;46818;32;1.03;2162.0
Oregon-1641.03;Oregon-1;11492;11174;46818;64;1.03;2651.0
Oregon-11281.03;Oregon-1;11492;11174;46818;128;1.03;3152.0
Oregon-121.05;Oregon-1;11492;11174;46818;2;1.05;710.0
Oregon-141.05;Oregon-1;11492;11174;46818;4;1.05;1159.0
Oregon-181.05;Oregon-1;11492;11174;46818;8;1.05;1281.0
Oregon-1161.05;Oregon-1;11492;11174;46818;16;1.05;1675.0
Oregon-1321.05;Oregon-1;11492;11174;46818;32;1.05;2183.0
Oregon-1641.05;Oregon-1;11492;11174;46818;64;1.05;2616.0
Oregon-11281.05;Oregon-1;11492;11174;46818;128;1.05;3160.0
Oregon-121.1;Oregon-1;11492;11174;46818;2;1.1;714.0
Oregon-141.1;Oregon-1;11492;11174;46818;4;1.1;1145.0
Oregon-181.1;Oregon-1;11492;11174;46818;8;1.1;1336.0
Oregon-1161.1;Oregon-1;11492;11174;46818;16;1.1;1685.0
Oregon-1321.1;Oregon-1;11492;11174;46818;32;1.1;2131.0
Oregon-1641.1;Oregon-1;11492;11174;46818;64;1.1;2630.0
Oregon-11281.1;Oregon-1;11492;11174;46818;128;1.1;3149.0
amazon030221.03;amazon0302;262111;257570;1234877;2;1.03;9850.0
amazon030241.03;amazon0302;262111;257570;1234877;4;1.03;20254.0
amazon030281.03;amazon0302;262111;257570;1234877;8;1.03;30383.0
amazon0302161.03;amazon0302;262111;257570;1234877;16;1.03;38665.0
amazon0302321.03;amazon0302;262111;257570;1234877;32;1.03;48840.0
amazon0302641.03;amazon0302;262111;257570;1234877;64;1.03;57853.0
amazon03021281.03;amazon0302;262111;257570;1234877;128;1.03;67269.0
amazon030221.05;amazon0302;262111;257570;1234877;2;1.05;9168.0
amazon030241.05;amazon0302;262111;257570;1234877;4;1.05;20142.0
amazon030281.05;amazon0302;262111;257570;1234877;8;1.05;30630.0
amazon0302161.05;amazon0302;262111;257570;1234877;16;1.05;39638.0
amazon0302321.05;amazon0302;262111;257570;1234877;32;1.05;48327.0
amazon0302641.05;amazon0302;262111;257570;1234877;64;1.05;57570.0
amazon03021281.05;amazon0302;262111;257570;1234877;128;1.05;66369.0
Oregon-221.03;Oregon-2;11806;11461;65460;2;1.03;810.0
Oregon-241.03;Oregon-2;11806;11461;65460;4;1.03;1306.0
Oregon-281.03;Oregon-2;11806;11461;65460;8;1.03;1910.0
Oregon-2161.03;Oregon-2;11806;11461;65460;16;1.03;2112.0
Oregon-2321.03;Oregon-2;11806;11461;65460;32;1.03;2752.0
Oregon-2641.03;Oregon-2;11806;11461;65460;64;1.03;3277.0
Oregon-21281.03;Oregon-2;11806;11461;65460;128;1.03;3756.0
Oregon-221.05;Oregon-2;11806;11461;65460;2;1.05;808.0
Oregon-241.05;Oregon-2;11806;11461;65460;4;1.05;1376.0
Oregon-281.05;Oregon-2;11806;11461;65460;8;1.05;1726.0
Oregon-2161.05;Oregon-2;11806;11461;65460;16;1.05;2230.0
Oregon-2321.05;Oregon-2;11806;11461;65460;32;1.05;2677.0
Oregon-2641.05;Oregon-2;11806;11461;65460;64;1.05;3169.0
Oregon-21281.05;Oregon-2;11806;11461;65460;128;1.05;3729.0
amazon030221.1;amazon0302;262111;257570;1234877;2;1.1;8522.0
amazon030241.1;amazon0302;262111;257570;1234877;4;1.1;19541.0
amazon030281.1;amazon0302;262111;257570;1234877;8;1.1;29769.0
amazon0302161.1;amazon0302;262111;257570;1234877;16;1.1;38332.0
amazon0302321.1;amazon0302;262111;257570;1234877;32;1.1;47409.0
amazon0302641.1;amazon0302;262111;257570;1234877;64;1.1;56936.0
amazon03021281.1;amazon0302;262111;257570;1234877;128;1.1;66324.0
Oregon-221.1;Oregon-2;11806;11461;65460;2;1.1;801.0
Oregon-241.1;Oregon-2;11806;11461;65460;4;1.1;1325.0
Oregon-281.1;Oregon-2;11806;11461;65460;8;1.1;1726.0
Oregon-2161.1;Oregon-2;11806;11461;65460;16;1.1;2163.0
Oregon-2321.1;Oregon-2;11806;11461;65460;32;1.1;2683.0
Oregon-2641.1;Oregon-2;11806;11461;65460;64;1.1;3116.0
Oregon-21281.1;Oregon-2;11806;11461;65460;128;1.1;3680.0
p2p-Gnutella0421.03;p2p-Gnutella04;10879;4935;39994;2;1.03;2769.0
p2p-Gnutella0441.03;p2p-Gnutella04;10879;4935;39994;4;1.03;3503.0
p2p-Gnutella0481.03;p2p-Gnutella04;10879;4935;39994;8;1.03;3728.0
p2p-Gnutella04161.03;p2p-Gnutella04;10879;4935;39994;16;1.03;3814.0
p2p-Gnutella04321.03;p2p-Gnutella04;10879;4935;39994;32;1.03;3868.0
p2p-Gnutella04641.03;p2p-Gnutella04;10879;4935;39994;64;1.03;3961.0
p2p-Gnutella041281.03;p2p-Gnutella04;10879;4935;39994;128;1.03;4015.0
p2p-Gnutella0421.05;p2p-Gnutella04;10879;4935;39994;2;1.05;2742.0
p2p-Gnutella0441.05;p2p-Gnutella04;10879;4935;39994;4;1.05;3459.0
p2p-Gnutella0481.05;p2p-Gnutella04;10879;4935;39994;8;1.05;3721.0
p2p-Gnutella04161.05;p2p-Gnutella04;10879;4935;39994;16;1.05;3807.0
p2p-Gnutella04321.05;p2p-Gnutella04;10879;4935;39994;32;1.05;3863.0
p2p-Gnutella04641.05;p2p-Gnutella04;10879;4935;39994;64;1.05;3929.0
p2p-Gnutella041281.05;p2p-Gnutella04;10879;4935;39994;128;1.05;4008.0
p2p-Gnutella0421.1;p2p-Gnutella04;10879;4935;39994;2;1.1;2360.0
p2p-Gnutella0441.1;p2p-Gnutella04;10879;4935;39994;4;1.1;3436.0
p2p-Gnutella0481.1;p2p-Gnutella04;10879;4935;39994;8;1.1;3701.0
p2p-Gnutella04161.1;p2p-Gnutella04;10879;4935;39994;16;1.1;3797.0
p2p-Gnutella04321.1;p2p-Gnutella04;10879;4935;39994;32;1.1;3854.0
p2p-Gnutella04641.1;p2p-Gnutella04;10879;4935;39994;64;1.1;3927.0
p2p-Gnutella041281.1;p2p-Gnutella04;10879;4935;39994;128;1.1;4005.0
p2p-Gnutella0521.03;p2p-Gnutella05;8846;3850;31839;2;1.03;2189.0
p2p-Gnutella0541.03;p2p-Gnutella05;8846;3850;31839;4;1.03;2812.0
p2p-Gnutella0581.03;p2p-Gnutella05;8846;3850;31839;8;1.03;2937.0
p2p-Gnutella05161.03;p2p-Gnutella05;8846;3850;31839;16;1.03;2996.0
p2p-Gnutella05321.03;p2p-Gnutella05;8846;3850;31839;32;1.03;3036.0
p2p-Gnutella05641.03;p2p-Gnutella05;8846;3850;31839;64;1.03;3065.0
p2p-Gnutella051281.03;p2p-Gnutella05;8846;3850;31839;128;1.03;3171.0
p2p-Gnutella0521.05;p2p-Gnutella05;8846;3850;31839;2;1.05;2160.0
p2p-Gnutella0541.05;p2p-Gnutella05;8846;3850;31839;4;1.05;2808.0
p2p-Gnutella0581.05;p2p-Gnutella05;8846;3850;31839;8;1.05;2942.0
p2p-Gnutella05161.05;p2p-Gnutella05;8846;3850;31839;16;1.05;3002.0
p2p-Gnutella05321.05;p2p-Gnutella05;8846;3850;31839;32;1.05;3027.0
p2p-Gnutella05641.05;p2p-Gnutella05;8846;3850;31839;64;1.05;3078.0
p2p-Gnutella051281.05;p2p-Gnutella05;8846;3850;31839;128;1.05;3171.0
p2p-Gnutella0521.1;p2p-Gnutella05;8846;3850;31839;2;1.1;1842.0
p2p-Gnutella0541.1;p2p-Gnutella05;8846;3850;31839;4;1.1;2756.0
p2p-Gnutella0581.1;p2p-Gnutella05;8846;3850;31839;8;1.1;2947.0
p2p-Gnutella05161.1;p2p-Gnutella05;8846;3850;31839;16;1.1;3005.0
p2p-Gnutella05321.1;p2p-Gnutella05;8846;3850;31839;32;1.1;3028.0
p2p-Gnutella05641.1;p2p-Gnutella05;8846;3850;31839;64;1.1;3076.0
p2p-Gnutella051281.1;p2p-Gnutella05;8846;3850;31839;128;1.1;3228.0
p2p-Gnutella0621.03;p2p-Gnutella06;8717;3739;31525;2;1.03;1866.0
p2p-Gnutella0641.03;p2p-Gnutella06;8717;3739;31525;4;1.03;2716.0
p2p-Gnutella0681.03;p2p-Gnutella06;8717;3739;31525;8;1.03;2922.0
p2p-Gnutella06161.03;p2p-Gnutella06;8717;3739;31525;16;1.03;3014.0
p2p-Gnutella06321.03;p2p-Gnutella06;8717;3739;31525;32;1.03;3072.0
p2p-Gnutella06641.03;p2p-Gnutella06;8717;3739;31525;64;1.03;3116.0
p2p-Gnutella061281.03;p2p-Gnutella06;8717;3739;31525;128;1.03;3160.0
p2p-Gnutella0621.05;p2p-Gnutella06;8717;3739;31525;2;1.05;1762.0
p2p-Gnutella0641.05;p2p-Gnutella06;8717;3739;31525;4;1.05;2719.0
p2p-Gnutella0681.05;p2p-Gnutella06;8717;3739;31525;8;1.05;2926.0
p2p-Gnutella06161.05;p2p-Gnutella06;8717;3739;31525;16;1.05;3033.0
p2p-Gnutella06321.05;p2p-Gnutella06;8717;3739;31525;32;1.05;3090.0
p2p-Gnutella06641.05;p2p-Gnutella06;8717;3739;31525;64;1.05;3119.0
p2p-Gnutella061281.05;p2p-Gnutella06;8717;3739;31525;128;1.05;3154.0
p2p-Gnutella0621.1;p2p-Gnutella06;8717;3739;31525;2;1.1;1819.0
p2p-Gnutella0641.1;p2p-Gnutella06;8717;3739;31525;4;1.1;2698.0
p2p-Gnutella0681.1;p2p-Gnutella06;8717;3739;31525;8;1.1;2918.0
p2p-Gnutella06161.1;p2p-Gnutella06;8717;3739;31525;16;1.1;3016.0
p2p-Gnutella06321.1;p2p-Gnutella06;8717;3739;31525;32;1.1;3069.0
p2p-Gnutella06641.1;p2p-Gnutella06;8717;3739;31525;64;1.1;3120.0
p2p-Gnutella061281.1;p2p-Gnutella06;8717;3739;31525;128;1.1;3143.0
p2p-Gnutella0821.03;p2p-Gnutella08;6301;2465;20777;2;1.03;1181.0
p2p-Gnutella0841.03;p2p-Gnutella08;6301;2465;20777;4;1.03;1599.0
p2p-Gnutella0881.03;p2p-Gnutella08;6301;2465;20777;8;1.03;1691.0
p2p-Gnutella08161.03;p2p-Gnutella08;6301;2465;20777;16;1.03;1732.0
p2p-Gnutella08321.03;p2p-Gnutella08;6301;2465;20777;32;1.03;1760.0
p2p-Gnutella08641.03;p2p-Gnutella08;6301;2465;20777;64;1.03;1807.0
p2p-Gnutella081281.03;p2p-Gnutella08;6301;2465;20777;128;1.03;2015.0
p2p-Gnutella0821.05;p2p-Gnutella08;6301;2465;20777;2;1.05;1176.0
p2p-Gnutella0841.05;p2p-Gnutella08;6301;2465;20777;4;1.05;1587.0
p2p-Gnutella0881.05;p2p-Gnutella08;6301;2465;20777;8;1.05;1699.0
p2p-Gnutella08161.05;p2p-Gnutella08;6301;2465;20777;16;1.05;1735.0
p2p-Gnutella08321.05;p2p-Gnutella08;6301;2465;20777;32;1.05;1771.0
p2p-Gnutella08641.05;p2p-Gnutella08;6301;2465;20777;64;1.05;1809.0
p2p-Gnutella081281.05;p2p-Gnutella08;6301;2465;20777;128;1.05;2009.0
p2p-Gnutella0821.1;p2p-Gnutella08;6301;2465;20777;2;1.1;1121.0
p2p-Gnutella0841.1;p2p-Gnutella08;6301;2465;20777;4;1.1;1561.0
p2p-Gnutella0881.1;p2p-Gnutella08;6301;2465;20777;8;1.1;1678.0
p2p-Gnutella08161.1;p2p-Gnutella08;6301;2465;20777;16;1.1;1727.0
p2p-Gnutella08321.1;p2p-Gnutella08;6301;2465;20777;32;1.1;1752.0
p2p-Gnutella08641.1;p2p-Gnutella08;6301;2465;20777;64;1.1;1803.0
p2p-Gnutella081281.1;p2p-Gnutella08;6301;2465;20777;128;1.1;2012.0
p2p-Gnutella0921.03;p2p-Gnutella09;8114;3055;26013;2;1.03;1527.0
p2p-Gnutella0941.03;p2p-Gnutella09;8114;3055;26013;4;1.03;2048.0
p2p-Gnutella0981.03;p2p-Gnutella09;8114;3055;26013;8;1.03;2164.0
p2p-Gnutella09161.03;p2p-Gnutella09;8114;3055;26013;16;1.03;2207.0
p2p-Gnutella09321.03;p2p-Gnutella09;8114;3055;26013;32;1.03;2229.0
p2p-Gnutella09641.03;p2p-Gnutella09;8114;3055;26013;64;1.03;2244.0
p2p-Gnutella091281.03;p2p-Gnutella09;8114;3055;26013;128;1.03;2407.0
p2p-Gnutella0921.05;p2p-Gnutella09;8114;3055;26013;2;1.05;1511.0
p2p-Gnutella0941.05;p2p-Gnutella09;8114;3055;26013;4;1.05;2030.0
p2p-Gnutella0981.05;p2p-Gnutella09;8114;3055;26013;8;1.05;2163.0
p2p-Gnutella09161.05;p2p-Gnutella09;8114;3055;26013;16;1.05;2208.0
p2p-Gnutella09321.05;p2p-Gnutella09;8114;3055;26013;32;1.05;2225.0
p2p-Gnutella09641.05;p2p-Gnutella09;8114;3055;26013;64;1.05;2247.0
p2p-Gnutella091281.05;p2p-Gnutella09;8114;3055;26013;128;1.05;2392.0
p2p-Gnutella0921.1;p2p-Gnutella09;8114;3055;26013;2;1.1;1469.0
p2p-Gnutella0941.1;p2p-Gnutella09;8114;3055;26013;4;1.1;2047.0
p2p-Gnutella0981.1;p2p-Gnutella09;8114;3055;26013;8;1.1;2160.0
p2p-Gnutella09161.1;p2p-Gnutella09;8114;3055;26013;16;1.1;2207.0
p2p-Gnutella09321.1;p2p-Gnutella09;8114;3055;26013;32;1.1;2227.0
p2p-Gnutella09641.1;p2p-Gnutella09;8114;3055;26013;64;1.1;2259.0
p2p-Gnutella091281.1;p2p-Gnutella09;8114;3055;26013;128;1.1;2472.0
p2p-Gnutella2421.03;p2p-Gnutella24;26518;7570;65369;2;1.03;4284.0
p2p-Gnutella2441.03;p2p-Gnutella24;26518;7570;65369;4;1.03;5888.0
p2p-Gnutella2481.03;p2p-Gnutella24;26518;7570;65369;8;1.03;6290.0
p2p-Gnutella24161.03;p2p-Gnutella24;26518;7570;65369;16;1.03;6433.0
p2p-Gnutella24321.03;p2p-Gnutella24;26518;7570;65369;32;1.03;6507.0
p2p-Gnutella24641.03;p2p-Gnutella24;26518;7570;65369;64;1.03;6526.0
p2p-Gnutella241281.03;p2p-Gnutella24;26518;7570;65369;128;1.03;6583.0
p2p-Gnutella2421.05;p2p-Gnutella24;26518;7570;65369;2;1.05;4235.0
p2p-Gnutella2441.05;p2p-Gnutella24;26518;7570;65369;4;1.05;5849.0
p2p-Gnutella2481.05;p2p-Gnutella24;26518;7570;65369;8;1.05;6283.0
p2p-Gnutella24161.05;p2p-Gnutella24;26518;7570;65369;16;1.05;6427.0
p2p-Gnutella24321.05;p2p-Gnutella24;26518;7570;65369;32;1.05;6477.0
p2p-Gnutella24641.05;p2p-Gnutella24;26518;7570;65369;64;1.05;6543.0
p2p-Gnutella241281.05;p2p-Gnutella24;26518;7570;65369;128;1.05;6567.0
p2p-Gnutella2421.1;p2p-Gnutella24;26518;7570;65369;2;1.1;4053.0
p2p-Gnutella2441.1;p2p-Gnutella24;26518;7570;65369;4;1.1;5836.0
p2p-Gnutella2481.1;p2p-Gnutella24;26518;7570;65369;8;1.1;6276.0
p2p-Gnutella24161.1;p2p-Gnutella24;26518;7570;65369;16;1.1;6448.0
p2p-Gnutella24321.1;p2p-Gnutella24;26518;7570;65369;32;1.1;6494.0
p2p-Gnutella24641.1;p2p-Gnutella24;26518;7570;65369;64;1.1;6535.0
p2p-Gnutella241281.1;p2p-Gnutella24;26518;7570;65369;128;1.1;6565.0
p2p-Gnutella2521.03;p2p-Gnutella25;22687;6221;54705;2;1.03;3404.0
p2p-Gnutella2541.03;p2p-Gnutella25;22687;6221;54705;4;1.03;4760.0
p2p-Gnutella2581.03;p2p-Gnutella25;22687;6221;54705;8;1.03;5145.0
p2p-Gnutella25161.03;p2p-Gnutella25;22687;6221;54705;16;1.03;5326.0
p2p-Gnutella25321.03;p2p-Gnutella25;22687;6221;54705;32;1.03;5386.0
p2p-Gnutella25641.03;p2p-Gnutella25;22687;6221;54705;64;1.03;5428.0
p2p-Gnutella251281.03;p2p-Gnutella25;22687;6221;54705;128;1.03;5430.0
p2p-Gnutella2521.05;p2p-Gnutella25;22687;6221;54705;2;1.05;3499.0
p2p-Gnutella2541.05;p2p-Gnutella25;22687;6221;54705;4;1.05;4792.0
p2p-Gnutella2581.05;p2p-Gnutella25;22687;6221;54705;8;1.05;5158.0
p2p-Gnutella25161.05;p2p-Gnutella25;22687;6221;54705;16;1.05;5277.0
p2p-Gnutella25321.05;p2p-Gnutella25;22687;6221;54705;32;1.05;5386.0
p2p-Gnutella25641.05;p2p-Gnutella25;22687;6221;54705;64;1.05;5407.0
p2p-Gnutella251281.05;p2p-Gnutella25;22687;6221;54705;128;1.05;5457.0
p2p-Gnutella2521.1;p2p-Gnutella25;22687;6221;54705;2;1.1;3358.0
p2p-Gnutella2541.1;p2p-Gnutella25;22687;6221;54705;4;1.1;4747.0
p2p-Gnutella2581.1;p2p-Gnutella25;22687;6221;54705;8;1.1;5132.0
p2p-Gnutella25161.1;p2p-Gnutella25;22687;6221;54705;16;1.1;5281.0
p2p-Gnutella25321.1;p2p-Gnutella25;22687;6221;54705;32;1.1;5368.0
p2p-Gnutella25641.1;p2p-Gnutella25;22687;6221;54705;64;1.1;5424.0
p2p-Gnutella251281.1;p2p-Gnutella25;22687;6221;54705;128;1.1;5461.0
p2p-Gnutella3021.03;p2p-Gnutella30;36682;9722;88328;2;1.03;5112.0
p2p-Gnutella3041.03;p2p-Gnutella30;36682;9722;88328;4;1.03;7247.0
p2p-Gnutella3081.03;p2p-Gnutella30;36682;9722;88328;8;1.03;7981.0
p2p-Gnutella30161.03;p2p-Gnutella30;36682;9722;88328;16;1.03;8293.0
p2p-Gnutella30321.03;p2p-Gnutella30;36682;9722;88328;32;1.03;8417.0
p2p-Gnutella30641.03;p2p-Gnutella30;36682;9722;88328;64;1.03;8504.0
p2p-Gnutella301281.03;p2p-Gnutella30;36682;9722;88328;128;1.03;8578.0
p2p-Gnutella3021.05;p2p-Gnutella30;36682;9722;88328;2;1.05;5123.0
p2p-Gnutella3041.05;p2p-Gnutella30;36682;9722;88328;4;1.05;7284.0
p2p-Gnutella3081.05;p2p-Gnutella30;36682;9722;88328;8;1.05;8018.0
p2p-Gnutella30161.05;p2p-Gnutella30;36682;9722;88328;16;1.05;8296.0
p2p-Gnutella30321.05;p2p-Gnutella30;36682;9722;88328;32;1.05;8462.0
p2p-Gnutella30641.05;p2p-Gnutella30;36682;9722;88328;64;1.05;8545.0
p2p-Gnutella301281.05;p2p-Gnutella30;36682;9722;88328;128;1.05;8537.0
p2p-Gnutella3021.1;p2p-Gnutella30;36682;9722;88328;2;1.1;4970.0
p2p-Gnutella3041.1;p2p-Gnutella30;36682;9722;88328;4;1.1;7196.0
p2p-Gnutella3081.1;p2p-Gnutella30;36682;9722;88328;8;1.1;7930.0
p2p-Gnutella30161.1;p2p-Gnutella30;36682;9722;88328;16;1.1;8265.0
p2p-Gnutella30321.1;p2p-Gnutella30;36682;9722;88328;32;1.1;8399.0
p2p-Gnutella30641.1;p2p-Gnutella30;36682;9722;88328;64;1.1;8487.0
p2p-Gnutella301281.1;p2p-Gnutella30;36682;9722;88328;128;1.1;8540.0
p2p-Gnutella3121.03;p2p-Gnutella31;62586;16387;147892;2;1.03;8672.0
p2p-Gnutella3141.03;p2p-Gnutella31;62586;16387;147892;4;1.03;12508.0
p2p-Gnutella3181.03;p2p-Gnutella31;62586;16387;147892;8;1.03;13632.0
p2p-Gnutella31161.03;p2p-Gnutella31;62586;16387;147892;16;1.03;14103.0
p2p-Gnutella31321.03;p2p-Gnutella31;62586;16387;147892;32;1.03;14295.0
p2p-Gnutella31641.03;p2p-Gnutella31;62586;16387;147892;64;1.03;14434.0
p2p-Gnutella311281.03;p2p-Gnutella31;62586;16387;147892;128;1.03;14509.0
p2p-Gnutella3121.05;p2p-Gnutella31;62586;16387;147892;2;1.05;8664.0
p2p-Gnutella3141.05;p2p-Gnutella31;62586;16387;147892;4;1.05;12353.0
p2p-Gnutella3181.05;p2p-Gnutella31;62586;16387;147892;8;1.05;13582.0
p2p-Gnutella31161.05;p2p-Gnutella31;62586;16387;147892;16;1.05;14158.0
p2p-Gnutella31321.05;p2p-Gnutella31;62586;16387;147892;32;1.05;14321.0
p2p-Gnutella31641.05;p2p-Gnutella31;62586;16387;147892;64;1.05;14455.0
p2p-Gnutella311281.05;p2p-Gnutella31;62586;16387;147892;128;1.05;14528.0
p2p-Gnutella3121.1;p2p-Gnutella31;62586;16387;147892;2;1.1;8516.0
p2p-Gnutella3141.1;p2p-Gnutella31;62586;16387;147892;4;1.1;12460.0
p2p-Gnutella3181.1;p2p-Gnutella31;62586;16387;147892;8;1.1;13686.0
p2p-Gnutella31161.1;p2p-Gnutella31;62586;16387;147892;16;1.1;14129.0
p2p-Gnutella31321.1;p2p-Gnutella31;62586;16387;147892;32;1.1;14336.0
p2p-Gnutella31641.1;p2p-Gnutella31;62586;16387;147892;64;1.1;14425.0
p2p-Gnutella311281.1;p2p-Gnutella31;62586;16387;147892;128;1.1;14523.0
amazon031221.03;amazon0312;400727;388374;3200440;2;1.03;33233.0
amazon031241.03;amazon0312;400727;388374;3200440;4;1.03;60262.0
amazon031281.03;amazon0312;400727;388374;3200440;8;1.03;86232.0
amazon0312161.03;amazon0312;400727;388374;3200440;16;1.03;103690.0
amazon0312321.03;amazon0312;400727;388374;3200440;32;1.03;121953.0
amazon0312641.03;amazon0312;400727;388374;3200440;64;1.03;141541.0
amazon03121281.03;amazon0312;400727;388374;3200440;128;1.03;162134.0
amazon031221.05;amazon0312;400727;388374;3200440;2;1.05;32415.0
amazon031241.05;amazon0312;400727;388374;3200440;4;1.05;58306.0
amazon031281.05;amazon0312;400727;388374;3200440;8;1.05;79060.0
amazon0312161.05;amazon0312;400727;388374;3200440;16;1.05;102222.0
amazon0312321.05;amazon0312;400727;388374;3200440;32;1.05;122788.0
amazon0312641.05;amazon0312;400727;388374;3200440;64;1.05;142835.0
amazon03121281.05;amazon0312;400727;388374;3200440;128;1.05;161025.0
roadNet-CA21.03;roadNet-CA;1971281;1965206;5533214;2;1.03;266.0
roadNet-CA41.03;roadNet-CA;1971281;1965206;5533214;4;1.03;1001.0
roadNet-CA81.03;roadNet-CA;1971281;1965206;5533214;8;1.03;1603.0
roadNet-CA161.03;roadNet-CA;1971281;1965206;5533214;16;1.03;2814.0
roadNet-CA321.03;roadNet-CA;1971281;1965206;5533214;32;1.03;5202.0
roadNet-CA641.03;roadNet-CA;1971281;1965206;5533214;64;1.03;8105.0
roadNet-CA1281.03;roadNet-CA;1971281;1965206;5533214;128;1.03;13068.0
roadNet-CA21.05;roadNet-CA;1971281;1965206;5533214;2;1.05;266.0
roadNet-CA41.05;roadNet-CA;1971281;1965206;5533214;4;1.05;768.0
roadNet-CA81.05;roadNet-CA;1971281;1965206;5533214;8;1.05;1983.0
roadNet-CA161.05;roadNet-CA;1971281;1965206;5533214;16;1.05;2979.0
roadNet-CA321.05;roadNet-CA;1971281;1965206;5533214;32;1.05;5014.0
roadNet-CA641.05;roadNet-CA;1971281;1965206;5533214;64;1.05;7999.0
roadNet-CA1281.05;roadNet-CA;1971281;1965206;5533214;128;1.05;12229.0
amazon031221.1;amazon0312;400727;388374;3200440;2;1.1;27520.0
amazon031241.1;amazon0312;400727;388374;3200440;4;1.1;59068.0
amazon031281.1;amazon0312;400727;388374;3200440;8;1.1;78614.0
amazon0312161.1;amazon0312;400727;388374;3200440;16;1.1;99917.0
amazon0312321.1;amazon0312;400727;388374;3200440;32;1.1;122840.0
amazon0312641.1;amazon0312;400727;388374;3200440;64;1.1;140653.0
amazon03121281.1;amazon0312;400727;388374;3200440;128;1.1;160076.0
roadNet-CA21.1;roadNet-CA;1971281;1965206;5533214;2;1.1;266.0
roadNet-CA41.1;roadNet-CA;1971281;1965206;5533214;4;1.1;729.0
roadNet-CA81.1;roadNet-CA;1971281;1965206;5533214;8;1.1;1548.0
roadNet-CA161.1;roadNet-CA;1971281;1965206;5533214;16;1.1;2589.0
roadNet-CA321.1;roadNet-CA;1971281;1965206;5533214;32;1.1;4664.0
roadNet-CA641.1;roadNet-CA;1971281;1965206;5533214;64;1.1;7526.0
roadNet-CA1281.1;roadNet-CA;1971281;1965206;5533214;128;1.1;12269.0
roadNet-PA21.03;roadNet-PA;1090920;1088092;3083796;2;1.03;281.0
roadNet-PA41.03;roadNet-PA;1090920;1088092;3083796;4;1.03;933.0
roadNet-PA81.03;roadNet-PA;1090920;1088092;3083796;8;1.03;2088.0
roadNet-PA161.03;roadNet-PA;1090920;1088092;3083796;16;1.03;3162.0
roadNet-PA321.03;roadNet-PA;1090920;1088092;3083796;32;1.03;5202.0
roadNet-PA641.03;roadNet-PA;1090920;1088092;3083796;64;1.03;7875.0
roadNet-PA1281.03;roadNet-PA;1090920;1088092;3083796;128;1.03;12193.0
roadNet-PA21.05;roadNet-PA;1090920;1088092;3083796;2;1.05;299.0
roadNet-PA41.05;roadNet-PA;1090920;1088092;3083796;4;1.05;1025.0
roadNet-PA81.05;roadNet-PA;1090920;1088092;3083796;8;1.05;1926.0
roadNet-PA161.05;roadNet-PA;1090920;1088092;3083796;16;1.05;3036.0
roadNet-PA321.05;roadNet-PA;1090920;1088092;3083796;32;1.05;4909.0
roadNet-PA641.05;roadNet-PA;1090920;1088092;3083796;64;1.05;7599.0
roadNet-PA1281.05;roadNet-PA;1090920;1088092;3083796;128;1.05;12046.0
roadNet-PA21.1;roadNet-PA;1090920;1088092;3083796;2;1.1;225.0
roadNet-PA41.1;roadNet-PA;1090920;1088092;3083796;4;1.1;938.0
roadNet-PA81.1;roadNet-PA;1090920;1088092;3083796;8;1.1;1777.0
roadNet-PA161.1;roadNet-PA;1090920;1088092;3083796;16;1.1;2990.0
roadNet-PA321.1;roadNet-PA;1090920;1088092;3083796;32;1.1;4997.0
roadNet-PA641.1;roadNet-PA;1090920;1088092;3083796;64;1.1;7746.0
roadNet-PA1281.1;roadNet-PA;1090920;1088092;3083796;128;1.1;11925.0
roadNet-TX21.03;roadNet-TX;1393383;1379917;3843320;2;1.03;131.0
roadNet-TX41.03;roadNet-TX;1393383;1379917;3843320;4;1.03;362.0
roadNet-TX81.03;roadNet-TX;1393383;1379917;3843320;8;1.03;971.0
roadNet-TX161.03;roadNet-TX;1393383;1379917;3843320;16;1.03;2212.0
roadNet-TX321.03;roadNet-TX;1393383;1379917;3843320;32;1.03;3715.0
roadNet-TX641.03;roadNet-TX;1393383;1379917;3843320;64;1.03;6462.0
roadNet-TX1281.03;roadNet-TX;1393383;1379917;3843320;128;1.03;10560.0
roadNet-TX21.05;roadNet-TX;1393383;1379917;3843320;2;1.05;131.0
roadNet-TX41.05;roadNet-TX;1393383;1379917;3843320;4;1.05;307.0
roadNet-TX81.05;roadNet-TX;1393383;1379917;3843320;8;1.05;1045.0
roadNet-TX161.05;roadNet-TX;1393383;1379917;3843320;16;1.05;2094.0
roadNet-TX321.05;roadNet-TX;1393383;1379917;3843320;32;1.05;3689.0
roadNet-TX641.05;roadNet-TX;1393383;1379917;3843320;64;1.05;6090.0
roadNet-TX1281.05;roadNet-TX;1393383;1379917;3843320;128;1.05;10295.0
roadNet-TX21.1;roadNet-TX;1393383;1379917;3843320;2;1.1;131.0
roadNet-TX41.1;roadNet-TX;1393383;1379917;3843320;4;1.1;377.0
roadNet-TX81.1;roadNet-TX;1393383;1379917;3843320;8;1.1;880.0
roadNet-TX161.1;roadNet-TX;1393383;1379917;3843320;16;1.1;1890.0
roadNet-TX321.1;roadNet-TX;1393383;1379917;3843320;32;1.1;3664.0
roadNet-TX641.1;roadNet-TX;1393383;1379917;3843320;64;1.1;5970.0
roadNet-TX1281.1;roadNet-TX;1393383;1379917;3843320;128;1.1;9884.0
soc-Epinions121.03;soc-Epinions1;75888;60341;508837;2;1.03;2397.0
soc-Epinions141.03;soc-Epinions1;75888;60341;508837;4;1.03;8912.0
soc-Epinions181.03;soc-Epinions1;75888;60341;508837;8;1.03;15445.0
soc-Epinions1161.03;soc-Epinions1;75888;60341;508837;16;1.03;19521.0
soc-Epinions1321.03;soc-Epinions1;75888;60341;508837;32;1.03;21539.0
soc-Epinions1641.03;soc-Epinions1;75888;60341;508837;64;1.03;23373.0
soc-Epinions11281.03;soc-Epinions1;75888;60341;508837;128;1.03;24427.0
soc-Epinions121.05;soc-Epinions1;75888;60341;508837;2;1.05;2248.0
soc-Epinions141.05;soc-Epinions1;75888;60341;508837;4;1.05;8855.0
soc-Epinions181.05;soc-Epinions1;75888;60341;508837;8;1.05;15195.0
soc-Epinions1161.05;soc-Epinions1;75888;60341;508837;16;1.05;19229.0
soc-Epinions1321.05;soc-Epinions1;75888;60341;508837;32;1.05;22050.0
soc-Epinions1641.05;soc-Epinions1;75888;60341;508837;64;1.05;23141.0
soc-Epinions11281.05;soc-Epinions1;75888;60341;508837;128;1.05;24246.0
soc-Epinions121.1;soc-Epinions1;75888;60341;508837;2;1.1;2316.0
soc-Epinions141.1;soc-Epinions1;75888;60341;508837;4;1.1;8685.0
soc-Epinions181.1;soc-Epinions1;75888;60341;508837;8;1.1;14707.0
soc-Epinions1161.1;soc-Epinions1;75888;60341;508837;16;1.1;19097.0
soc-Epinions1321.1;soc-Epinions1;75888;60341;508837;32;1.1;21192.0
soc-Epinions1641.1;soc-Epinions1;75888;60341;508837;64;1.1;23341.0
soc-Epinions11281.1;soc-Epinions1;75888;60341;508837;128;1.1;24379.0
soc-sign-epinions21.03;soc-sign-epinions;131828;95318;841372;2;1.03;1060.0
soc-sign-epinions41.03;soc-sign-epinions;131828;95318;841372;4;1.03;10188.0
soc-sign-epinions81.03;soc-sign-epinions;131828;95318;841372;8;1.03;17641.0
soc-sign-epinions161.03;soc-sign-epinions;131828;95318;841372;16;1.03;24269.0
soc-sign-epinions321.03;soc-sign-epinions;131828;95318;841372;32;1.03;28245.0
soc-sign-epinions641.03;soc-sign-epinions;131828;95318;841372;64;1.03;30750.0
soc-sign-epinions1281.03;soc-sign-epinions;131828;95318;841372;128;1.03;33004.0
soc-sign-epinions21.05;soc-sign-epinions;131828;95318;841372;2;1.05;847.0
soc-sign-epinions41.05;soc-sign-epinions;131828;95318;841372;4;1.05;10580.0
soc-sign-epinions81.05;soc-sign-epinions;131828;95318;841372;8;1.05;17324.0
soc-sign-epinions161.05;soc-sign-epinions;131828;95318;841372;16;1.05;23653.0
soc-sign-epinions321.05;soc-sign-epinions;131828;95318;841372;32;1.05;28003.0
soc-sign-epinions641.05;soc-sign-epinions;131828;95318;841372;64;1.05;30577.0
soc-sign-epinions1281.05;soc-sign-epinions;131828;95318;841372;128;1.05;32925.0
soc-sign-epinions21.1;soc-sign-epinions;131828;95318;841372;2;1.1;87.0
soc-sign-epinions41.1;soc-sign-epinions;131828;95318;841372;4;1.1;10191.0
soc-sign-epinions81.1;soc-sign-epinions;131828;95318;841372;8;1.1;17285.0
soc-sign-epinions161.1;soc-sign-epinions;131828;95318;841372;16;1.1;24047.0
soc-sign-epinions321.1;soc-sign-epinions;131828;95318;841372;32;1.1;28195.0
soc-sign-epinions641.1;soc-sign-epinions;131828;95318;841372;64;1.1;31149.0
soc-sign-epinions1281.1;soc-sign-epinions;131828;95318;841372;128;1.1;32755.0
soc-sign-Slashdot08110621.03;soc-sign-Slashdot081106;77357;43349;516575;2;1.03;6060.0
soc-sign-Slashdot08110641.03;soc-sign-Slashdot081106;77357;43349;516575;4;1.03;10916.0
soc-sign-Slashdot08110681.03;soc-sign-Slashdot081106;77357;43349;516575;8;1.03;16387.0
soc-sign-Slashdot081106161.03;soc-sign-Slashdot081106;77357;43349;516575;16;1.03;19287.0
soc-sign-Slashdot081106321.03;soc-sign-Slashdot081106;77357;43349;516575;32;1.03;21247.0
soc-sign-Slashdot081106641.03;soc-sign-Slashdot081106;77357;43349;516575;64;1.03;22759.0
soc-sign-Slashdot0811061281.03;soc-sign-Slashdot081106;77357;43349;516575;128;1.03;23649.0
soc-sign-Slashdot08110621.05;soc-sign-Slashdot081106;77357;43349;516575;2;1.05;5889.0
soc-sign-Slashdot08110641.05;soc-sign-Slashdot081106;77357;43349;516575;4;1.05;10943.0
soc-sign-Slashdot08110681.05;soc-sign-Slashdot081106;77357;43349;516575;8;1.05;16254.0
soc-sign-Slashdot081106161.05;soc-sign-Slashdot081106;77357;43349;516575;16;1.05;19476.0
soc-sign-Slashdot081106321.05;soc-sign-Slashdot081106;77357;43349;516575;32;1.05;21398.0
soc-sign-Slashdot081106641.05;soc-sign-Slashdot081106;77357;43349;516575;64;1.05;22759.0
soc-sign-Slashdot0811061281.05;soc-sign-Slashdot081106;77357;43349;516575;128;1.05;23594.0
soc-sign-Slashdot08110621.1;soc-sign-Slashdot081106;77357;43349;516575;2;1.1;6527.0
soc-sign-Slashdot08110641.1;soc-sign-Slashdot081106;77357;43349;516575;4;1.1;10668.0
soc-sign-Slashdot08110681.1;soc-sign-Slashdot081106;77357;43349;516575;8;1.1;16191.0
soc-sign-Slashdot081106161.1;soc-sign-Slashdot081106;77357;43349;516575;16;1.1;19331.0
soc-sign-Slashdot081106321.1;soc-sign-Slashdot081106;77357;43349;516575;32;1.1;21592.0
soc-sign-Slashdot081106641.1;soc-sign-Slashdot081106;77357;43349;516575;64;1.1;22725.0
soc-sign-Slashdot0811061281.1;soc-sign-Slashdot081106;77357;43349;516575;128;1.1;23606.0
soc-sign-Slashdot09021621.03;soc-sign-Slashdot090216;81871;43873;545671;2;1.03;6881.0
soc-sign-Slashdot09021641.03;soc-sign-Slashdot090216;81871;43873;545671;4;1.03;11991.0
soc-sign-Slashdot09021681.03;soc-sign-Slashdot090216;81871;43873;545671;8;1.03;16496.0
soc-sign-Slashdot090216161.03;soc-sign-Slashdot090216;81871;43873;545671;16;1.03;20070.0
soc-sign-Slashdot090216321.03;soc-sign-Slashdot090216;81871;43873;545671;32;1.03;22150.0
soc-sign-Slashdot090216641.03;soc-sign-Slashdot090216;81871;43873;545671;64;1.03;23395.0
soc-sign-Slashdot0902161281.03;soc-sign-Slashdot090216;81871;43873;545671;128;1.03;24060.0
soc-sign-Slashdot09021621.05;soc-sign-Slashdot090216;81871;43873;545671;2;1.05;6840.0
soc-sign-Slashdot09021641.05;soc-sign-Slashdot090216;81871;43873;545671;4;1.05;12617.0
soc-sign-Slashdot09021681.05;soc-sign-Slashdot090216;81871;43873;545671;8;1.05;16763.0
soc-sign-Slashdot090216161.05;soc-sign-Slashdot090216;81871;43873;545671;16;1.05;20151.0
soc-sign-Slashdot090216321.05;soc-sign-Slashdot090216;81871;43873;545671;32;1.05;22172.0
soc-sign-Slashdot090216641.05;soc-sign-Slashdot090216;81871;43873;545671;64;1.05;23340.0
soc-sign-Slashdot0902161281.05;soc-sign-Slashdot090216;81871;43873;545671;128;1.05;24109.0
soc-sign-Slashdot09021621.1;soc-sign-Slashdot090216;81871;43873;545671;2;1.1;7536.0
soc-sign-Slashdot09021641.1;soc-sign-Slashdot090216;81871;43873;545671;4;1.1;11994.0
soc-sign-Slashdot09021681.1;soc-sign-Slashdot090216;81871;43873;545671;8;1.1;17234.0
soc-sign-Slashdot090216161.1;soc-sign-Slashdot090216;81871;43873;545671;16;1.1;20102.0
soc-sign-Slashdot090216321.1;soc-sign-Slashdot090216;81871;43873;545671;32;1.1;21746.0
soc-sign-Slashdot090216641.1;soc-sign-Slashdot090216;81871;43873;545671;64;1.1;23207.0
soc-sign-Slashdot0902161281.1;soc-sign-Slashdot090216;81871;43873;545671;128;1.1;23958.0
soc-sign-Slashdot09022121.03;soc-sign-Slashdot090221;82144;44044;549202;2;1.03;7787.0
soc-sign-Slashdot09022141.03;soc-sign-Slashdot090221;82144;44044;549202;4;1.03;12034.0
soc-sign-Slashdot09022181.03;soc-sign-Slashdot090221;82144;44044;549202;8;1.03;17091.0
soc-sign-Slashdot090221161.03;soc-sign-Slashdot090221;82144;44044;549202;16;1.03;19919.0
soc-sign-Slashdot090221321.03;soc-sign-Slashdot090221;82144;44044;549202;32;1.03;22336.0
soc-sign-Slashdot090221641.03;soc-sign-Slashdot090221;82144;44044;549202;64;1.03;23218.0
soc-sign-Slashdot0902211281.03;soc-sign-Slashdot090221;82144;44044;549202;128;1.03;24134.0
soc-sign-Slashdot09022121.05;soc-sign-Slashdot090221;82144;44044;549202;2;1.05;6334.0
soc-sign-Slashdot09022141.05;soc-sign-Slashdot090221;82144;44044;549202;4;1.05;12114.0
soc-sign-Slashdot09022181.05;soc-sign-Slashdot090221;82144;44044;549202;8;1.05;17168.0
soc-sign-Slashdot090221161.05;soc-sign-Slashdot090221;82144;44044;549202;16;1.05;19881.0
soc-sign-Slashdot090221321.05;soc-sign-Slashdot090221;82144;44044;549202;32;1.05;22259.0
soc-sign-Slashdot090221641.05;soc-sign-Slashdot090221;82144;44044;549202;64;1.05;23321.0
soc-sign-Slashdot0902211281.05;soc-sign-Slashdot090221;82144;44044;549202;128;1.05;24128.0
soc-sign-Slashdot09022121.1;soc-sign-Slashdot090221;82144;44044;549202;2;1.1;7210.0
soc-sign-Slashdot09022141.1;soc-sign-Slashdot090221;82144;44044;549202;4;1.1;11912.0
soc-sign-Slashdot09022181.1;soc-sign-Slashdot090221;82144;44044;549202;8;1.1;16998.0
soc-sign-Slashdot090221161.1;soc-sign-Slashdot090221;82144;44044;549202;16;1.1;20174.0
soc-sign-Slashdot090221321.1;soc-sign-Slashdot090221;82144;44044;549202;32;1.1;22142.0
soc-sign-Slashdot090221641.1;soc-sign-Slashdot090221;82144;44044;549202;64;1.1;23186.0
soc-sign-Slashdot0902211281.1;soc-sign-Slashdot090221;82144;44044;549202;128;1.1;24056.0
soc-Slashdot081121.03;soc-Slashdot0811;77360;77316;905468;2;1.03;24810.0
soc-Slashdot081141.03;soc-Slashdot0811;77360;77316;905468;4;1.03;31014.0
soc-Slashdot081181.03;soc-Slashdot0811;77360;77316;905468;8;1.03;44733.0
soc-Slashdot0811161.03;soc-Slashdot0811;77360;77316;905468;16;1.03;51916.0
soc-Slashdot0811321.03;soc-Slashdot0811;77360;77316;905468;32;1.03;55311.0
soc-Slashdot0811641.03;soc-Slashdot0811;77360;77316;905468;64;1.03;57588.0
soc-Slashdot08111281.03;soc-Slashdot0811;77360;77316;905468;128;1.03;57800.0
soc-Slashdot081121.05;soc-Slashdot0811;77360;77316;905468;2;1.05;24715.0
soc-Slashdot081141.05;soc-Slashdot0811;77360;77316;905468;4;1.05;30931.0
soc-Slashdot081181.05;soc-Slashdot0811;77360;77316;905468;8;1.05;44471.0
soc-Slashdot0811161.05;soc-Slashdot0811;77360;77316;905468;16;1.05;52543.0
soc-Slashdot0811321.05;soc-Slashdot0811;77360;77316;905468;32;1.05;55465.0
soc-Slashdot0811641.05;soc-Slashdot0811;77360;77316;905468;64;1.05;55149.0
soc-Slashdot08111281.05;soc-Slashdot0811;77360;77316;905468;128;1.05;57092.0
soc-Slashdot081121.1;soc-Slashdot0811;77360;77316;905468;2;1.1;24246.0
soc-Slashdot081141.1;soc-Slashdot0811;77360;77316;905468;4;1.1;31111.0
soc-Slashdot081181.1;soc-Slashdot0811;77360;77316;905468;8;1.1;44955.0
soc-Slashdot0811161.1;soc-Slashdot0811;77360;77316;905468;16;1.1;48990.0
soc-Slashdot0811321.1;soc-Slashdot0811;77360;77316;905468;32;1.1;53557.0
soc-Slashdot0811641.1;soc-Slashdot0811;77360;77316;905468;64;1.1;58318.0
soc-Slashdot08111281.1;soc-Slashdot0811;77360;77316;905468;128;1.1;58244.0
amazon050521.03;amazon0505;410236;396803;3356824;2;1.03;30428.0
amazon050541.03;amazon0505;410236;396803;3356824;4;1.03;56744.0
amazon050581.03;amazon0505;410236;396803;3356824;8;1.03;84193.0
amazon0505161.03;amazon0505;410236;396803;3356824;16;1.03;104414.0
amazon0505321.03;amazon0505;410236;396803;3356824;32;1.03;129059.0
amazon0505641.03;amazon0505;410236;396803;3356824;64;1.03;148607.0
amazon05051281.03;amazon0505;410236;396803;3356824;128;1.03;168617.0
amazon050521.05;amazon0505;410236;396803;3356824;2;1.05;27562.0
amazon050541.05;amazon0505;410236;396803;3356824;4;1.05;59238.0
amazon050581.05;amazon0505;410236;396803;3356824;8;1.05;80024.0
amazon0505161.05;amazon0505;410236;396803;3356824;16;1.05;105490.0
amazon0505321.05;amazon0505;410236;396803;3356824;32;1.05;127177.0
amazon0505641.05;amazon0505;410236;396803;3356824;64;1.05;145966.0
amazon05051281.05;amazon0505;410236;396803;3356824;128;1.05;167719.0
soc-Slashdot090221.03;soc-Slashdot0902;82168;78441;948464;2;1.03;24871.0
soc-Slashdot090241.03;soc-Slashdot0902;82168;78441;948464;4;1.03;31460.0
soc-Slashdot090281.03;soc-Slashdot0902;82168;78441;948464;8;1.03;41190.0
soc-Slashdot0902161.03;soc-Slashdot0902;82168;78441;948464;16;1.03;52965.0
soc-Slashdot0902321.03;soc-Slashdot0902;82168;78441;948464;32;1.03;54146.0
soc-Slashdot0902641.03;soc-Slashdot0902;82168;78441;948464;64;1.03;56629.0
soc-Slashdot09021281.03;soc-Slashdot0902;82168;78441;948464;128;1.03;58525.0
soc-Slashdot090221.05;soc-Slashdot0902;82168;78441;948464;2;1.05;24815.0
soc-Slashdot090241.05;soc-Slashdot0902;82168;78441;948464;4;1.05;31475.0
soc-Slashdot090281.05;soc-Slashdot0902;82168;78441;948464;8;1.05;44429.0
soc-Slashdot0902161.05;soc-Slashdot0902;82168;78441;948464;16;1.05;48042.0
soc-Slashdot0902321.05;soc-Slashdot0902;82168;78441;948464;32;1.05;55407.0
soc-Slashdot0902641.05;soc-Slashdot0902;82168;78441;948464;64;1.05;57492.0
soc-Slashdot09021281.05;soc-Slashdot0902;82168;78441;948464;128;1.05;58152.0
amazon050521.1;amazon0505;410236;396803;3356824;2;1.1;25918.0
amazon050541.1;amazon0505;410236;396803;3356824;4;1.1;56436.0
amazon050581.1;amazon0505;410236;396803;3356824;8;1.1;79943.0
amazon0505161.1;amazon0505;410236;396803;3356824;16;1.1;102970.0
amazon0505321.1;amazon0505;410236;396803;3356824;32;1.1;126201.0
amazon0505641.1;amazon0505;410236;396803;3356824;64;1.1;146232.0
amazon05051281.1;amazon0505;410236;396803;3356824;128;1.1;165793.0
soc-Slashdot090221.1;soc-Slashdot0902;82168;78441;948464;2;1.1;24434.0
soc-Slashdot090241.1;soc-Slashdot0902;82168;78441;948464;4;1.1;31547.0
soc-Slashdot090281.1;soc-Slashdot0902;82168;78441;948464;8;1.1;46274.0
soc-Slashdot0902161.1;soc-Slashdot0902;82168;78441;948464;16;1.1;51220.0
soc-Slashdot0902321.1;soc-Slashdot0902;82168;78441;948464;32;1.1;55099.0
soc-Slashdot0902641.1;soc-Slashdot0902;82168;78441;948464;64;1.1;57655.0
soc-Slashdot09021281.1;soc-Slashdot0902;82168;78441;948464;128;1.1;58092.0
web-BerkStan21.03;web-BerkStan;685230;680486;7600595;2;1.03;911.0
web-BerkStan41.03;web-BerkStan;685230;680486;7600595;4;1.03;3255.0
web-BerkStan81.03;web-BerkStan;685230;680486;7600595;8;1.03;14975.0
web-BerkStan161.03;web-BerkStan;685230;680486;7600595;16;1.03;49262.0
web-BerkStan321.03;web-BerkStan;685230;680486;7600595;32;1.03;93664.0
web-BerkStan641.03;web-BerkStan;685230;680486;7600595;64;1.03;141520.0
web-BerkStan1281.03;web-BerkStan;685230;680486;7600595;128;1.03;186425.0
web-BerkStan21.05;web-BerkStan;685230;680486;7600595;2;1.05;911.0
web-BerkStan41.05;web-BerkStan;685230;680486;7600595;4;1.05;3003.0
web-BerkStan81.05;web-BerkStan;685230;680486;7600595;8;1.05;14492.0
web-BerkStan161.05;web-BerkStan;685230;680486;7600595;16;1.05;47686.0
web-BerkStan321.05;web-BerkStan;685230;680486;7600595;32;1.05;134265.0
web-BerkStan641.05;web-BerkStan;685230;680486;7600595;64;1.05;152824.0
web-BerkStan1281.05;web-BerkStan;685230;680486;7600595;128;1.05;188693.0
web-BerkStan21.1;web-BerkStan;685230;680486;7600595;2;1.1;143.0
web-BerkStan41.1;web-BerkStan;685230;680486;7600595;4;1.1;2770.0
web-BerkStan81.1;web-BerkStan;685230;680486;7600595;8;1.1;13058.0
web-BerkStan161.1;web-BerkStan;685230;680486;7600595;16;1.1;45008.0
web-BerkStan321.1;web-BerkStan;685230;680486;7600595;32;1.1;91238.0
web-BerkStan641.1;web-BerkStan;685230;680486;7600595;64;1.1;185787.0
web-BerkStan1281.1;web-BerkStan;685230;680486;7600595;128;1.1;192049.0
web-Google21.03;web-Google;916428;739454;5105039;2;1.03;6200.0
web-Google41.03;web-Google;916428;739454;5105039;4;1.03;12792.0
web-Google81.03;web-Google;916428;739454;5105039;8;1.03;16325.0
web-Google161.03;web-Google;916428;739454;5105039;16;1.03;19229.0
web-Google321.03;web-Google;916428;739454;5105039;32;1.03;20818.0
web-Google641.03;web-Google;916428;739454;5105039;64;1.03;24377.0
web-Google1281.03;web-Google;916428;739454;5105039;128;1.03;37678.0
web-Google21.05;web-Google;916428;739454;5105039;2;1.05;5911.0
web-Google41.05;web-Google;916428;739454;5105039;4;1.05;12606.0
web-Google81.05;web-Google;916428;739454;5105039;8;1.05;16112.0
web-Google161.05;web-Google;916428;739454;5105039;16;1.05;18708.0
web-Google321.05;web-Google;916428;739454;5105039;32;1.05;20726.0
web-Google641.05;web-Google;916428;739454;5105039;64;1.05;22979.0
web-Google1281.05;web-Google;916428;739454;5105039;128;1.05;35985.0
web-Google21.1;web-Google;916428;739454;5105039;2;1.1;5144.0
web-Google41.1;web-Google;916428;739454;5105039;4;1.1;12315.0
web-Google81.1;web-Google;916428;739454;5105039;8;1.1;15976.0
web-Google161.1;web-Google;916428;739454;5105039;16;1.1;18191.0
web-Google321.1;web-Google;916428;739454;5105039;32;1.1;20165.0
web-Google641.1;web-Google;916428;739454;5105039;64;1.1;24166.0
web-Google1281.1;web-Google;916428;739454;5105039;128;1.1;30434.0
web-NotreDame21.03;web-NotreDame;325729;137941;1497134;2;1.03;473.0
web-NotreDame41.03;web-NotreDame;325729;137941;1497134;4;1.03;3253.0
web-NotreDame81.03;web-NotreDame;325729;137941;1497134;8;1.03;4603.0
web-NotreDame161.03;web-NotreDame;325729;137941;1497134;16;1.03;6328.0
web-NotreDame321.03;web-NotreDame;325729;137941;1497134;32;1.03;8650.0
web-NotreDame641.03;web-NotreDame;325729;137941;1497134;64;1.03;16511.0
web-NotreDame1281.03;web-NotreDame;325729;137941;1497134;128;1.03;23413.0
web-NotreDame21.05;web-NotreDame;325729;137941;1497134;2;1.05;393.0
web-NotreDame41.05;web-NotreDame;325729;137941;1497134;4;1.05;2972.0
web-NotreDame81.05;web-NotreDame;325729;137941;1497134;8;1.05;4765.0
web-NotreDame161.05;web-NotreDame;325729;137941;1497134;16;1.05;6144.0
web-NotreDame321.05;web-NotreDame;325729;137941;1497134;32;1.05;8498.0
web-NotreDame641.05;web-NotreDame;325729;137941;1497134;64;1.05;16142.0
web-NotreDame1281.05;web-NotreDame;325729;137941;1497134;128;1.05;24032.0
web-NotreDame21.1;web-NotreDame;325729;137941;1497134;2;1.1;385.0
web-NotreDame41.1;web-NotreDame;325729;137941;1497134;4;1.1;2559.0
web-NotreDame81.1;web-NotreDame;325729;137941;1497134;8;1.1;4600.0
web-NotreDame161.1;web-NotreDame;325729;137941;1497134;16;1.1;6371.0
web-NotreDame321.1;web-NotreDame;325729;137941;1497134;32;1.1;8042.0
web-NotreDame641.1;web-NotreDame;325729;137941;1497134;64;1.1;15945.0
web-NotreDame1281.1;web-NotreDame;325729;137941;1497134;128;1.1;23102.0
web-Stanford21.03;web-Stanford;281903;281731;2312497;2;1.03;91.0
web-Stanford41.03;web-Stanford;281903;281731;2312497;4;1.03;3082.0
web-Stanford81.03;web-Stanford;281903;281731;2312497;8;1.03;10051.0
web-Stanford161.03;web-Stanford;281903;281731;2312497;16;1.03;33120.0
web-Stanford321.03;web-Stanford;281903;281731;2312497;32;1.03;50903.0
web-Stanford641.03;web-Stanford;281903;281731;2312497;64;1.03;71364.0
web-Stanford1281.03;web-Stanford;281903;281731;2312497;128;1.03;78425.0
web-Stanford21.05;web-Stanford;281903;281731;2312497;2;1.05;47.0
web-Stanford41.05;web-Stanford;281903;281731;2312497;4;1.05;2632.0
web-Stanford81.05;web-Stanford;281903;281731;2312497;8;1.05;10055.0
web-Stanford161.05;web-Stanford;281903;281731;2312497;16;1.05;19258.0
web-Stanford321.05;web-Stanford;281903;281731;2312497;32;1.05;52251.0
web-Stanford641.05;web-Stanford;281903;281731;2312497;64;1.05;68772.0
web-Stanford1281.05;web-Stanford;281903;281731;2312497;128;1.05;79758.0
web-Stanford21.1;web-Stanford;281903;281731;2312497;2;1.1;38.0
web-Stanford41.1;web-Stanford;281903;281731;2312497;4;1.1;2107.0
web-Stanford81.1;web-Stanford;281903;281731;2312497;8;1.1;8534.0
web-Stanford161.1;web-Stanford;281903;281731;2312497;16;1.1;31275.0
web-Stanford321.1;web-Stanford;281903;281731;2312497;32;1.1;49115.0
web-Stanford641.1;web-Stanford;281903;281731;2312497;64;1.1;70841.0
web-Stanford1281.1;web-Stanford;281903;281731;2312497;128;1.1;78561.0
wiki-Talk21.03;wiki-Talk;2394385;147602;5021410;2;1.03;1021.0
wiki-Talk41.03;wiki-Talk;2394385;147602;5021410;4;1.03;12817.0
wiki-Talk81.03;wiki-Talk;2394385;147602;5021410;8;1.03;20130.0
wiki-Talk161.03;wiki-Talk;2394385;147602;5021410;16;1.03;25765.0
wiki-Talk321.03;wiki-Talk;2394385;147602;5021410;32;1.03;26096.0
wiki-Talk641.03;wiki-Talk;2394385;147602;5021410;64;1.03;27327.0
wiki-Talk1281.03;wiki-Talk;2394385;147602;5021410;128;1.03;37092.0
wiki-Talk21.05;wiki-Talk;2394385;147602;5021410;2;1.05;1021.0
wiki-Talk41.05;wiki-Talk;2394385;147602;5021410;4;1.05;12749.0
wiki-Talk81.05;wiki-Talk;2394385;147602;5021410;8;1.05;23586.0
wiki-Talk161.05;wiki-Talk;2394385;147602;5021410;16;1.05;26094.0
wiki-Talk321.05;wiki-Talk;2394385;147602;5021410;32;1.05;25792.0
wiki-Talk641.05;wiki-Talk;2394385;147602;5021410;64;1.05;27332.0
wiki-Talk1281.05;wiki-Talk;2394385;147602;5021410;128;1.05;36897.0
wiki-Talk21.1;wiki-Talk;2394385;147602;5021410;2;1.1;1021.0
wiki-Talk41.1;wiki-Talk;2394385;147602;5021410;4;1.1;11693.0
wiki-Talk81.1;wiki-Talk;2394385;147602;5021410;8;1.1;19589.0
wiki-Talk161.1;wiki-Talk;2394385;147602;5021410;16;1.1;37227.0
wiki-Talk321.1;wiki-Talk;2394385;147602;5021410;32;1.1;26304.0
wiki-Talk641.1;wiki-Talk;2394385;147602;5021410;64;1.1;27154.0
wiki-Talk1281.1;wiki-Talk;2394385;147602;5021410;128;1.1;36859.0
wiki-Vote21.03;wiki-Vote;8297;6110;103689;2;1.03;-1
wiki-Vote41.03;wiki-Vote;8297;6110;103689;4;1.03;357.0
wiki-Vote81.03;wiki-Vote;8297;6110;103689;8;1.03;1687.0
wiki-Vote161.03;wiki-Vote;8297;6110;103689;16;1.03;2563.0
wiki-Vote321.03;wiki-Vote;8297;6110;103689;32;1.03;2953.0
wiki-Vote641.03;wiki-Vote;8297;6110;103689;64;1.03;3216.0
wiki-Vote1281.03;wiki-Vote;8297;6110;103689;128;1.03;3361.0
wiki-Vote21.05;wiki-Vote;8297;6110;103689;2;1.05;-1
wiki-Vote41.05;wiki-Vote;8297;6110;103689;4;1.05;417.0
wiki-Vote81.05;wiki-Vote;8297;6110;103689;8;1.05;1580.0
wiki-Vote161.05;wiki-Vote;8297;6110;103689;16;1.05;2560.0
wiki-Vote321.05;wiki-Vote;8297;6110;103689;32;1.05;2962.0
wiki-Vote641.05;wiki-Vote;8297;6110;103689;64;1.05;3194.0
wiki-Vote1281.05;wiki-Vote;8297;6110;103689;128;1.05;3374.0
wiki-Vote21.1;wiki-Vote;8297;6110;103689;2;1.1;-1
wiki-Vote41.1;wiki-Vote;8297;6110;103689;4;1.1;260.0
wiki-Vote81.1;wiki-Vote;8297;6110;103689;8;1.1;1540.0
wiki-Vote161.1;wiki-Vote;8297;6110;103689;16;1.1;2538.0
wiki-Vote321.1;wiki-Vote;8297;6110;103689;32;1.1;2964.0
wiki-Vote641.1;wiki-Vote;8297;6110;103689;64;1.1;3197.0
wiki-Vote1281.1;wiki-Vote;8297;6110;103689;128;1.1;3368.0
amazon060121.03;amazon0601;403394;402439;3387388;2;1.03;27993.0
amazon060141.03;amazon0601;403394;402439;3387388;4;1.03;62367.0
amazon060181.03;amazon0601;403394;402439;3387388;8;1.03;87095.0
amazon0601161.03;amazon0601;403394;402439;3387388;16;1.03;107209.0
amazon0601321.03;amazon0601;403394;402439;3387388;32;1.03;131773.0
amazon0601641.03;amazon0601;403394;402439;3387388;64;1.03;149230.0
amazon06011281.03;amazon0601;403394;402439;3387388;128;1.03;170104.0
amazon060121.05;amazon0601;403394;402439;3387388;2;1.05;27189.0
amazon060141.05;amazon0601;403394;402439;3387388;4;1.05;56549.0
amazon060181.05;amazon0601;403394;402439;3387388;8;1.05;80356.0
amazon0601161.05;amazon0601;403394;402439;3387388;16;1.05;106533.0
amazon0601321.05;amazon0601;403394;402439;3387388;32;1.05;128912.0
amazon0601641.05;amazon0601;403394;402439;3387388;64;1.05;148313.0
amazon06011281.05;amazon0601;403394;402439;3387388;128;1.05;168918.0
amazon060121.1;amazon0601;403394;402439;3387388;2;1.1;25755.0
amazon060141.1;amazon0601;403394;402439;3387388;4;1.1;55237.0
amazon060181.1;amazon0601;403394;402439;3387388;8;1.1;80699.0
amazon0601161.1;amazon0601;403394;402439;3387388;16;1.1;104007.0
amazon0601321.1;amazon0601;403394;402439;3387388;32;1.1;128585.0
amazon0601641.1;amazon0601;403394;402439;3387388;64;1.1;147333.0
amazon06011281.1;amazon0601;403394;402439;3387388;128;1.1;169121.0
as-73521.03;as-735;7716;6474;27790;2;1.03;369.0
as-73541.03;as-735;7716;6474;27790;4;1.03;683.0
as-73581.03;as-735;7716;6474;27790;8;1.03;1028.0
as-735161.03;as-735;7716;6474;27790;16;1.03;1370.0
as-735321.03;as-735;7716;6474;27790;32;1.03;1703.0
as-735641.03;as-735;7716;6474;27790;64;1.03;1958.0
as-7351281.03;as-735;7716;6474;27790;128;1.03;2215.0
as-73521.05;as-735;7716;6474;27790;2;1.05;386.0
as-73541.05;as-735;7716;6474;27790;4;1.05;701.0
as-73581.05;as-735;7716;6474;27790;8;1.05;891.0
as-735161.05;as-735;7716;6474;27790;16;1.05;1390.0
as-735321.05;as-735;7716;6474;27790;32;1.05;1685.0
as-735641.05;as-735;7716;6474;27790;64;1.05;1931.0
as-7351281.05;as-735;7716;6474;27790;128;1.05;2204.0
as-73521.1;as-735;7716;6474;27790;2;1.1;355.0
as-73541.1;as-735;7716;6474;27790;4;1.1;648.0
as-73581.1;as-735;7716;6474;27790;8;1.1;918.0
as-735161.1;as-735;7716;6474;27790;16;1.1;1356.0
as-735321.1;as-735;7716;6474;27790;32;1.1;1666.0
as-735641.1;as-735;7716;6474;27790;64;1.1;1948.0
as-7351281.1;as-735;7716;6474;27790;128;1.1;2263.0
as-caida21.03;as-caida;31379;26475;106762;2;1.03;732.0
as-caida41.03;as-caida;31379;26475;106762;4;1.03;1940.0
as-caida81.03;as-caida;31379;26475;106762;8;1.03;2529.0
as-caida161.03;as-caida;31379;26475;106762;16;1.03;3890.0
as-caida321.03;as-caida;31379;26475;106762;32;1.03;4415.0
as-caida641.03;as-caida;31379;26475;106762;64;1.03;5316.0
as-caida1281.03;as-caida;31379;26475;106762;128;1.03;7008.0
as-caida21.05;as-caida;31379;26475;106762;2;1.05;665.0
as-caida41.05;as-caida;31379;26475;106762;4;1.05;1960.0
as-caida81.05;as-caida;31379;26475;106762;8;1.05;2657.0
as-caida161.05;as-caida;31379;26475;106762;16;1.05;3474.0
as-caida321.05;as-caida;31379;26475;106762;32;1.05;4633.0
as-caida641.05;as-caida;31379;26475;106762;64;1.05;5313.0
as-caida1281.05;as-caida;31379;26475;106762;128;1.05;6820.0
as-caida21.1;as-caida;31379;26475;106762;2;1.1;597.0
as-caida41.1;as-caida;31379;26475;106762;4;1.1;1850.0
as-caida81.1;as-caida;31379;26475;106762;8;1.1;3396.0
as-caida161.1;as-caida;31379;26475;106762;16;1.1;3383.0
as-caida321.1;as-caida;31379;26475;106762;32;1.1;4584.0
as-caida641.1;as-caida;31379;26475;106762;64;1.1;5284.0
as-caida1281.1;as-caida;31379;26475;106762;128;1.1;6926.0
ca-AstroPh21.03;ca-AstroPh;18772;18772;396220;2;1.03;6805.0
ca-AstroPh41.03;ca-AstroPh;18772;18772;396220;4;1.03;9822.0
ca-AstroPh81.03;ca-AstroPh;18772;18772;396220;8;1.03;11140.0
ca-AstroPh161.03;ca-AstroPh;18772;18772;396220;16;1.03;12032.0
ca-AstroPh321.03;ca-AstroPh;18772;18772;396220;32;1.03;12778.0
ca-AstroPh641.03;ca-AstroPh;18772;18772;396220;64;1.03;13105.0
ca-AstroPh1281.03;ca-AstroPh;18772;18772;396220;128;1.03;13598.0
ca-AstroPh21.05;ca-AstroPh;18772;18772;396220;2;1.05;6741.0
ca-AstroPh41.05;ca-AstroPh;18772;18772;396220;4;1.05;9698.0
ca-AstroPh81.05;ca-AstroPh;18772;18772;396220;8;1.05;11061.0
ca-AstroPh161.05;ca-AstroPh;18772;18772;396220;16;1.05;11837.0
ca-AstroPh321.05;ca-AstroPh;18772;18772;396220;32;1.05;12722.0
ca-AstroPh641.05;ca-AstroPh;18772;18772;396220;64;1.05;13240.0
ca-AstroPh1281.05;ca-AstroPh;18772;18772;396220;128;1.05;13630.0
ca-AstroPh21.1;ca-AstroPh;18772;18772;396220;2;1.1;7040.0
ca-AstroPh41.1;ca-AstroPh;18772;18772;396220;4;1.1;9609.0
ca-AstroPh81.1;ca-AstroPh;18772;18772;396220;8;1.1;10912.0
ca-AstroPh161.1;ca-AstroPh;18772;18772;396220;16;1.1;11969.0
ca-AstroPh321.1;ca-AstroPh;18772;18772;396220;32;1.1;12617.0
ca-AstroPh641.1;ca-AstroPh;18772;18772;396220;64;1.1;13092.0
ca-AstroPh1281.1;ca-AstroPh;18772;18772;396220;128;1.1;13503.0
