ca-CondMat21.03;ca-CondMat;23133;23133;186994;2;1.03;4160.0
ca-CondMat41.03;ca-CondMat;23133;23133;186994;4;1.03;6449.0
ca-CondMat81.03;ca-CondMat;23133;23133;186994;8;1.03;7667.0
ca-CondMat161.03;ca-CondMat;23133;23133;186994;16;1.03;8198.0
ca-CondMat321.03;ca-CondMat;23133;23133;186994;32;1.03;8591.0
ca-CondMat641.03;ca-CondMat;23133;23133;186994;64;1.03;8895.0
ca-CondMat1281.03;ca-CondMat;23133;23133;186994;128;1.03;9375.0
ca-CondMat21.05;ca-CondMat;23133;23133;186994;2;1.05;4120.0
ca-CondMat41.05;ca-CondMat;23133;23133;186994;4;1.05;6398.0
ca-CondMat81.05;ca-CondMat;23133;23133;186994;8;1.05;7665.0
ca-CondMat161.05;ca-CondMat;23133;23133;186994;16;1.05;8223.0
ca-CondMat321.05;ca-CondMat;23133;23133;186994;32;1.05;8616.0
ca-CondMat641.05;ca-CondMat;23133;23133;186994;64;1.05;8957.0
ca-CondMat1281.05;ca-CondMat;23133;23133;186994;128;1.05;9431.0
ca-CondMat21.1;ca-CondMat;23133;23133;186994;2;1.1;3927.0
ca-CondMat41.1;ca-CondMat;23133;23133;186994;4;1.1;6264.0
ca-CondMat81.1;ca-CondMat;23133;23133;186994;8;1.1;7599.0
ca-CondMat161.1;ca-CondMat;23133;23133;186994;16;1.1;8191.0
ca-CondMat321.1;ca-CondMat;23133;23133;186994;32;1.1;8650.0
ca-CondMat641.1;ca-CondMat;23133;23133;186994;64;1.1;8974.0
ca-CondMat1281.1;ca-CondMat;23133;23133;186994;128;1.1;9433.0
ca-GrQc21.03;ca-GrQc;5242;5242;28992;2;1.03;434.0
ca-GrQc41.03;ca-GrQc;5242;5242;28992;4;1.03;637.0
ca-GrQc81.03;ca-GrQc;5242;5242;28992;8;1.03;793.0
ca-GrQc161.03;ca-GrQc;5242;5242;28992;16;1.03;916.0
ca-GrQc321.03;ca-GrQc;5242;5242;28992;32;1.03;1034.0
ca-GrQc641.03;ca-GrQc;5242;5242;28992;64;1.03;1150.0
ca-GrQc1281.03;ca-GrQc;5242;5242;28992;128;1.03;1369.0
ca-GrQc21.05;ca-GrQc;5242;5242;28992;2;1.05;420.0
ca-GrQc41.05;ca-GrQc;5242;5242;28992;4;1.05;641.0
ca-GrQc81.05;ca-GrQc;5242;5242;28992;8;1.05;809.0
ca-GrQc161.05;ca-GrQc;5242;5242;28992;16;1.05;912.0
ca-GrQc321.05;ca-GrQc;5242;5242;28992;32;1.05;1032.0
ca-GrQc641.05;ca-GrQc;5242;5242;28992;64;1.05;1156.0
ca-GrQc1281.05;ca-GrQc;5242;5242;28992;128;1.05;1347.0
ca-GrQc21.1;ca-GrQc;5242;5242;28992;2;1.1;385.0
ca-GrQc41.1;ca-GrQc;5242;5242;28992;4;1.1;638.0
ca-GrQc81.1;ca-GrQc;5242;5242;28992;8;1.1;781.0
ca-GrQc161.1;ca-GrQc;5242;5242;28992;16;1.1;919.0
ca-GrQc321.1;ca-GrQc;5242;5242;28992;32;1.1;1029.0
ca-GrQc641.1;ca-GrQc;5242;5242;28992;64;1.1;1153.0
ca-GrQc1281.1;ca-GrQc;5242;5242;28992;128;1.1;1334.0
ca-HepPh21.03;ca-HepPh;12008;12008;237042;2;1.03;2729.0
ca-HepPh41.03;ca-HepPh;12008;12008;237042;4;1.03;3762.0
ca-HepPh81.03;ca-HepPh;12008;12008;237042;8;1.03;4585.0
ca-HepPh161.03;ca-HepPh;12008;12008;237042;16;1.03;4851.0
ca-HepPh321.03;ca-HepPh;12008;12008;237042;32;1.03;5071.0
ca-HepPh641.03;ca-HepPh;12008;12008;237042;64;1.03;5231.0
ca-HepPh1281.03;ca-HepPh;12008;12008;237042;128;1.03;5568.0
ca-HepPh21.05;ca-HepPh;12008;12008;237042;2;1.05;2690.0
ca-HepPh41.05;ca-HepPh;12008;12008;237042;4;1.05;3842.0
ca-HepPh81.05;ca-HepPh;12008;12008;237042;8;1.05;4527.0
ca-HepPh161.05;ca-HepPh;12008;12008;237042;16;1.05;4824.0
ca-HepPh321.05;ca-HepPh;12008;12008;237042;32;1.05;5073.0
ca-HepPh641.05;ca-HepPh;12008;12008;237042;64;1.05;5289.0
ca-HepPh1281.05;ca-HepPh;12008;12008;237042;128;1.05;5629.0
ca-HepPh21.1;ca-HepPh;12008;12008;237042;2;1.1;2539.0
ca-HepPh41.1;ca-HepPh;12008;12008;237042;4;1.1;3762.0
ca-HepPh81.1;ca-HepPh;12008;12008;237042;8;1.1;4506.0
ca-HepPh161.1;ca-HepPh;12008;12008;237042;16;1.1;4878.0
ca-HepPh321.1;ca-HepPh;12008;12008;237042;32;1.1;5042.0
ca-HepPh641.1;ca-HepPh;12008;12008;237042;64;1.1;5236.0
ca-HepPh1281.1;ca-HepPh;12008;12008;237042;128;1.1;5587.0
ca-HepTh21.03;ca-HepTh;9877;9877;51996;2;1.03;1381.0
ca-HepTh41.03;ca-HepTh;9877;9877;51996;4;1.03;2010.0
ca-HepTh81.03;ca-HepTh;9877;9877;51996;8;1.03;2430.0
ca-HepTh161.03;ca-HepTh;9877;9877;51996;16;1.03;2637.0
ca-HepTh321.03;ca-HepTh;9877;9877;51996;32;1.03;2868.0
ca-HepTh641.03;ca-HepTh;9877;9877;51996;64;1.03;3035.0
ca-HepTh1281.03;ca-HepTh;9877;9877;51996;128;1.03;3313.0
ca-HepTh21.05;ca-HepTh;9877;9877;51996;2;1.05;1370.0
ca-HepTh41.05;ca-HepTh;9877;9877;51996;4;1.05;1936.0
ca-HepTh81.05;ca-HepTh;9877;9877;51996;8;1.05;2395.0
ca-HepTh161.05;ca-HepTh;9877;9877;51996;16;1.05;2626.0
ca-HepTh321.05;ca-HepTh;9877;9877;51996;32;1.05;2848.0
ca-HepTh641.05;ca-HepTh;9877;9877;51996;64;1.05;3030.0
ca-HepTh1281.05;ca-HepTh;9877;9877;51996;128;1.05;3321.0
ca-HepTh21.1;ca-HepTh;9877;9877;51996;2;1.1;1289.0
ca-HepTh41.1;ca-HepTh;9877;9877;51996;4;1.1;1959.0
ca-HepTh81.1;ca-HepTh;9877;9877;51996;8;1.1;2422.0
ca-HepTh161.1;ca-HepTh;9877;9877;51996;16;1.1;2627.0
ca-HepTh321.1;ca-HepTh;9877;9877;51996;32;1.1;2868.0
ca-HepTh641.1;ca-HepTh;9877;9877;51996;64;1.1;3036.0
ca-HepTh1281.1;ca-HepTh;9877;9877;51996;128;1.1;3305.0
cit-HepPh21.03;cit-HepPh;34546;32158;421578;2;1.03;5407.0
cit-HepPh41.03;cit-HepPh;34546;32158;421578;4;1.03;8789.0
cit-HepPh81.03;cit-HepPh;34546;32158;421578;8;1.03;12375.0
cit-HepPh161.03;cit-HepPh;34546;32158;421578;16;1.03;15239.0
cit-HepPh321.03;cit-HepPh;34546;32158;421578;32;1.03;17661.0
cit-HepPh641.03;cit-HepPh;34546;32158;421578;64;1.03;19731.0
cit-HepPh1281.03;cit-HepPh;34546;32158;421578;128;1.03;21132.0
cit-HepPh21.05;cit-HepPh;34546;32158;421578;2;1.05;5420.0
cit-HepPh41.05;cit-HepPh;34546;32158;421578;4;1.05;8772.0
cit-HepPh81.05;cit-HepPh;34546;32158;421578;8;1.05;12327.0
cit-HepPh161.05;cit-HepPh;34546;32158;421578;16;1.05;14952.0
cit-HepPh321.05;cit-HepPh;34546;32158;421578;32;1.05;17759.0
cit-HepPh641.05;cit-HepPh;34546;32158;421578;64;1.05;19672.0
cit-HepPh1281.05;cit-HepPh;34546;32158;421578;128;1.05;21051.0
cit-HepPh21.1;cit-HepPh;34546;32158;421578;2;1.1;5405.0
cit-HepPh41.1;cit-HepPh;34546;32158;421578;4;1.1;8858.0
cit-HepPh81.1;cit-HepPh;34546;32158;421578;8;1.1;12047.0
cit-HepPh161.1;cit-HepPh;34546;32158;421578;16;1.1;14830.0
cit-HepPh321.1;cit-HepPh;34546;32158;421578;32;1.1;17604.0
cit-HepPh641.1;cit-HepPh;34546;32158;421578;64;1.1;19499.0
cit-HepPh1281.1;cit-HepPh;34546;32158;421578;128;1.1;21083.0
cit-HepTh21.03;cit-HepTh;27770;25059;352807;2;1.03;4070.0
cit-HepTh41.03;cit-HepTh;27770;25059;352807;4;1.03;8918.0
cit-HepTh81.03;cit-HepTh;27770;25059;352807;8;1.03;11194.0
cit-HepTh161.03;cit-HepTh;27770;25059;352807;16;1.03;12909.0
cit-HepTh321.03;cit-HepTh;27770;25059;352807;32;1.03;14042.0
cit-HepTh641.03;cit-HepTh;27770;25059;352807;64;1.03;15009.0
cit-HepTh1281.03;cit-HepTh;27770;25059;352807;128;1.03;15960.0
cit-HepTh21.05;cit-HepTh;27770;25059;352807;2;1.05;3960.0
cit-HepTh41.05;cit-HepTh;27770;25059;352807;4;1.05;9156.0
cit-HepTh81.05;cit-HepTh;27770;25059;352807;8;1.05;11134.0
cit-HepTh161.05;cit-HepTh;27770;25059;352807;16;1.05;12739.0
cit-HepTh321.05;cit-HepTh;27770;25059;352807;32;1.05;13923.0
cit-HepTh641.05;cit-HepTh;27770;25059;352807;64;1.05;14998.0
cit-HepTh1281.05;cit-HepTh;27770;25059;352807;128;1.05;15908.0
cit-HepTh21.1;cit-HepTh;27770;25059;352807;2;1.1;3743.0
cit-HepTh41.1;cit-HepTh;27770;25059;352807;4;1.1;8833.0
cit-HepTh81.1;cit-HepTh;27770;25059;352807;8;1.1;11159.0
cit-HepTh161.1;cit-HepTh;27770;25059;352807;16;1.1;12750.0
cit-HepTh321.1;cit-HepTh;27770;25059;352807;32;1.1;13860.0
cit-HepTh641.1;cit-HepTh;27770;25059;352807;64;1.1;14926.0
cit-HepTh1281.1;cit-HepTh;27770;25059;352807;128;1.1;15852.0
email-Enron21.03;email-Enron;36692;36692;367662;2;1.03;4101.0
email-Enron41.03;email-Enron;36692;36692;367662;4;1.03;7085.0
email-Enron81.03;email-Enron;36692;36692;367662;8;1.03;8503.0
email-Enron161.03;email-Enron;36692;36692;367662;16;1.03;9417.0
email-Enron321.03;email-Enron;36692;36692;367662;32;1.03;10468.0
email-Enron641.03;email-Enron;36692;36692;367662;64;1.03;11102.0
email-Enron1281.03;email-Enron;36692;36692;367662;128;1.03;12322.0
email-Enron21.05;email-Enron;36692;36692;367662;2;1.05;3651.0
email-Enron41.05;email-Enron;36692;36692;367662;4;1.05;6914.0
email-Enron81.05;email-Enron;36692;36692;367662;8;1.05;8442.0
email-Enron161.05;email-Enron;36692;36692;367662;16;1.05;9484.0
email-Enron321.05;email-Enron;36692;36692;367662;32;1.05;10531.0
email-Enron641.05;email-Enron;36692;36692;367662;64;1.05;11086.0
email-Enron1281.05;email-Enron;36692;36692;367662;128;1.05;12287.0
email-Enron21.1;email-Enron;36692;36692;367662;2;1.1;2967.0
email-Enron41.1;email-Enron;36692;36692;367662;4;1.1;6795.0
email-Enron81.1;email-Enron;36692;36692;367662;8;1.1;8671.0
email-Enron161.1;email-Enron;36692;36692;367662;16;1.1;9463.0
email-Enron321.1;email-Enron;36692;36692;367662;32;1.1;10370.0
email-Enron641.1;email-Enron;36692;36692;367662;64;1.1;11227.0
email-Enron1281.1;email-Enron;36692;36692;367662;128;1.1;12272.0
email-EuAll21.03;email-EuAll;265214;225409;420045;2;1.03;10.0
email-EuAll41.03;email-EuAll;265214;225409;420045;4;1.03;-1
email-EuAll81.03;email-EuAll;265214;225409;420045;8;1.03;389.0
email-EuAll161.03;email-EuAll;265214;225409;420045;16;1.03;402.0
email-EuAll321.03;email-EuAll;265214;225409;420045;32;1.03;684.0
email-EuAll641.03;email-EuAll;265214;225409;420045;64;1.03;813.0
email-EuAll1281.03;email-EuAll;265214;225409;420045;128;1.03;2181.0
email-EuAll21.05;email-EuAll;265214;225409;420045;2;1.05;-1
email-EuAll41.05;email-EuAll;265214;225409;420045;4;1.05;1.0
email-EuAll81.05;email-EuAll;265214;225409;420045;8;1.05;381.0
email-EuAll161.05;email-EuAll;265214;225409;420045;16;1.05;390.0
email-EuAll321.05;email-EuAll;265214;225409;420045;32;1.05;698.0
email-EuAll641.05;email-EuAll;265214;225409;420045;64;1.05;822.0
email-EuAll1281.05;email-EuAll;265214;225409;420045;128;1.05;1813.0
email-EuAll21.1;email-EuAll;265214;225409;420045;2;1.1;-1
email-EuAll41.1;email-EuAll;265214;225409;420045;4;1.1;-1
email-EuAll81.1;email-EuAll;265214;225409;420045;8;1.1;334.0
email-EuAll161.1;email-EuAll;265214;225409;420045;16;1.1;360.0
email-EuAll321.1;email-EuAll;265214;225409;420045;32;1.1;703.0
email-EuAll641.1;email-EuAll;265214;225409;420045;64;1.1;793.0
email-EuAll1281.1;email-EuAll;265214;225409;420045;128;1.1;1682.0
Oregon-121.03;Oregon-1;11492;11174;46818;2;1.03;356.0
Oregon-141.03;Oregon-1;11492;11174;46818;4;1.03;654.0
Oregon-181.03;Oregon-1;11492;11174;46818;8;1.03;1107.0
Oregon-1161.03;Oregon-1;11492;11174;46818;16;1.03;1455.0
Oregon-1321.03;Oregon-1;11492;11174;46818;32;1.03;1979.0
Oregon-1641.03;Oregon-1;11492;11174;46818;64;1.03;2885.0
Oregon-11281.03;Oregon-1;11492;11174;46818;128;1.03;3066.0
Oregon-121.05;Oregon-1;11492;11174;46818;2;1.05;354.0
Oregon-141.05;Oregon-1;11492;11174;46818;4;1.05;599.0
Oregon-181.05;Oregon-1;11492;11174;46818;8;1.05;1106.0
Oregon-1161.05;Oregon-1;11492;11174;46818;16;1.05;1444.0
Oregon-1321.05;Oregon-1;11492;11174;46818;32;1.05;1950.0
Oregon-1641.05;Oregon-1;11492;11174;46818;64;1.05;2378.0
Oregon-11281.05;Oregon-1;11492;11174;46818;128;1.05;2783.0
Oregon-121.1;Oregon-1;11492;11174;46818;2;1.1;306.0
Oregon-141.1;Oregon-1;11492;11174;46818;4;1.1;630.0
Oregon-181.1;Oregon-1;11492;11174;46818;8;1.1;1049.0
Oregon-1161.1;Oregon-1;11492;11174;46818;16;1.1;1425.0
Oregon-1321.1;Oregon-1;11492;11174;46818;32;1.1;1905.0
Oregon-1641.1;Oregon-1;11492;11174;46818;64;1.1;2320.0
Oregon-11281.1;Oregon-1;11492;11174;46818;128;1.1;2743.0
amazon030221.03;amazon0302;262111;257570;1234877;2;1.03;9570.0
amazon030241.03;amazon0302;262111;257570;1234877;4;1.03;19286.0
amazon030281.03;amazon0302;262111;257570;1234877;8;1.03;28515.0
amazon0302161.03;amazon0302;262111;257570;1234877;16;1.03;35944.0
amazon0302321.03;amazon0302;262111;257570;1234877;32;1.03;44514.0
amazon0302641.03;amazon0302;262111;257570;1234877;64;1.03;52440.0
amazon03021281.03;amazon0302;262111;257570;1234877;128;1.03;60973.0
amazon030221.05;amazon0302;262111;257570;1234877;2;1.05;9261.0
amazon030241.05;amazon0302;262111;257570;1234877;4;1.05;19215.0
amazon030281.05;amazon0302;262111;257570;1234877;8;1.05;27956.0
amazon0302161.05;amazon0302;262111;257570;1234877;16;1.05;35568.0
amazon0302321.05;amazon0302;262111;257570;1234877;32;1.05;44133.0
amazon0302641.05;amazon0302;262111;257570;1234877;64;1.05;52471.0
amazon03021281.05;amazon0302;262111;257570;1234877;128;1.05;60693.0
Oregon-221.03;Oregon-2;11806;11461;65460;2;1.03;567.0
Oregon-241.03;Oregon-2;11806;11461;65460;4;1.03;884.0
Oregon-281.03;Oregon-2;11806;11461;65460;8;1.03;1297.0
Oregon-2161.03;Oregon-2;11806;11461;65460;16;1.03;1800.0
Oregon-2321.03;Oregon-2;11806;11461;65460;32;1.03;2380.0
Oregon-2641.03;Oregon-2;11806;11461;65460;64;1.03;2860.0
Oregon-21281.03;Oregon-2;11806;11461;65460;128;1.03;3608.0
Oregon-221.05;Oregon-2;11806;11461;65460;2;1.05;559.0
Oregon-241.05;Oregon-2;11806;11461;65460;4;1.05;874.0
Oregon-281.05;Oregon-2;11806;11461;65460;8;1.05;1308.0
Oregon-2161.05;Oregon-2;11806;11461;65460;16;1.05;1803.0
Oregon-2321.05;Oregon-2;11806;11461;65460;32;1.05;2325.0
Oregon-2641.05;Oregon-2;11806;11461;65460;64;1.05;2725.0
Oregon-21281.05;Oregon-2;11806;11461;65460;128;1.05;3489.0
amazon030221.1;amazon0302;262111;257570;1234877;2;1.1;8618.0
amazon030241.1;amazon0302;262111;257570;1234877;4;1.1;18650.0
amazon030281.1;amazon0302;262111;257570;1234877;8;1.1;27285.0
amazon0302161.1;amazon0302;262111;257570;1234877;16;1.1;35114.0
amazon0302321.1;amazon0302;262111;257570;1234877;32;1.1;43834.0
amazon0302641.1;amazon0302;262111;257570;1234877;64;1.1;51719.0
amazon03021281.1;amazon0302;262111;257570;1234877;128;1.1;60174.0
Oregon-221.1;Oregon-2;11806;11461;65460;2;1.1;442.0
Oregon-241.1;Oregon-2;11806;11461;65460;4;1.1;878.0
Oregon-281.1;Oregon-2;11806;11461;65460;8;1.1;1310.0
Oregon-2161.1;Oregon-2;11806;11461;65460;16;1.1;1749.0
Oregon-2321.1;Oregon-2;11806;11461;65460;32;1.1;2347.0
Oregon-2641.1;Oregon-2;11806;11461;65460;64;1.1;3186.0
Oregon-21281.1;Oregon-2;11806;11461;65460;128;1.1;3612.0
p2p-Gnutella0421.03;p2p-Gnutella04;10879;4935;39994;2;1.03;2791.0
p2p-Gnutella0441.03;p2p-Gnutella04;10879;4935;39994;4;1.03;2975.0
p2p-Gnutella0481.03;p2p-Gnutella04;10879;4935;39994;8;1.03;3225.0
p2p-Gnutella04161.03;p2p-Gnutella04;10879;4935;39994;16;1.03;3278.0
p2p-Gnutella04321.03;p2p-Gnutella04;10879;4935;39994;32;1.03;3384.0
p2p-Gnutella04641.03;p2p-Gnutella04;10879;4935;39994;64;1.03;3474.0
p2p-Gnutella041281.03;p2p-Gnutella04;10879;4935;39994;128;1.03;3595.0
p2p-Gnutella0421.05;p2p-Gnutella04;10879;4935;39994;2;1.05;2722.0
p2p-Gnutella0441.05;p2p-Gnutella04;10879;4935;39994;4;1.05;2929.0
p2p-Gnutella0481.05;p2p-Gnutella04;10879;4935;39994;8;1.05;3240.0
p2p-Gnutella04161.05;p2p-Gnutella04;10879;4935;39994;16;1.05;3314.0
p2p-Gnutella04321.05;p2p-Gnutella04;10879;4935;39994;32;1.05;3393.0
p2p-Gnutella04641.05;p2p-Gnutella04;10879;4935;39994;64;1.05;3472.0
p2p-Gnutella041281.05;p2p-Gnutella04;10879;4935;39994;128;1.05;3565.0
p2p-Gnutella0421.1;p2p-Gnutella04;10879;4935;39994;2;1.1;2460.0
p2p-Gnutella0441.1;p2p-Gnutella04;10879;4935;39994;4;1.1;3048.0
p2p-Gnutella0481.1;p2p-Gnutella04;10879;4935;39994;8;1.1;3278.0
p2p-Gnutella04161.1;p2p-Gnutella04;10879;4935;39994;16;1.1;3295.0
p2p-Gnutella04321.1;p2p-Gnutella04;10879;4935;39994;32;1.1;3391.0
p2p-Gnutella04641.1;p2p-Gnutella04;10879;4935;39994;64;1.1;3460.0
p2p-Gnutella041281.1;p2p-Gnutella04;10879;4935;39994;128;1.1;3577.0
p2p-Gnutella0521.03;p2p-Gnutella05;8846;3850;31839;2;1.03;2145.0
p2p-Gnutella0541.03;p2p-Gnutella05;8846;3850;31839;4;1.03;2358.0
p2p-Gnutella0581.03;p2p-Gnutella05;8846;3850;31839;8;1.03;2523.0
p2p-Gnutella05161.03;p2p-Gnutella05;8846;3850;31839;16;1.03;2575.0
p2p-Gnutella05321.03;p2p-Gnutella05;8846;3850;31839;32;1.03;2616.0
p2p-Gnutella05641.03;p2p-Gnutella05;8846;3850;31839;64;1.03;2668.0
p2p-Gnutella051281.03;p2p-Gnutella05;8846;3850;31839;128;1.03;2775.0
p2p-Gnutella0521.05;p2p-Gnutella05;8846;3850;31839;2;1.05;2108.0
p2p-Gnutella0541.05;p2p-Gnutella05;8846;3850;31839;4;1.05;2327.0
p2p-Gnutella0581.05;p2p-Gnutella05;8846;3850;31839;8;1.05;2520.0
p2p-Gnutella05161.05;p2p-Gnutella05;8846;3850;31839;16;1.05;2570.0
p2p-Gnutella05321.05;p2p-Gnutella05;8846;3850;31839;32;1.05;2623.0
p2p-Gnutella05641.05;p2p-Gnutella05;8846;3850;31839;64;1.05;2691.0
p2p-Gnutella051281.05;p2p-Gnutella05;8846;3850;31839;128;1.05;2783.0
p2p-Gnutella0521.1;p2p-Gnutella05;8846;3850;31839;2;1.1;1983.0
p2p-Gnutella0541.1;p2p-Gnutella05;8846;3850;31839;4;1.1;2388.0
p2p-Gnutella0581.1;p2p-Gnutella05;8846;3850;31839;8;1.1;2556.0
p2p-Gnutella05161.1;p2p-Gnutella05;8846;3850;31839;16;1.1;2602.0
p2p-Gnutella05321.1;p2p-Gnutella05;8846;3850;31839;32;1.1;2636.0
p2p-Gnutella05641.1;p2p-Gnutella05;8846;3850;31839;64;1.1;2695.0
p2p-Gnutella051281.1;p2p-Gnutella05;8846;3850;31839;128;1.1;2782.0
p2p-Gnutella0621.03;p2p-Gnutella06;8717;3739;31525;2;1.03;1812.0
p2p-Gnutella0641.03;p2p-Gnutella06;8717;3739;31525;4;1.03;2317.0
p2p-Gnutella0681.03;p2p-Gnutella06;8717;3739;31525;8;1.03;2474.0
p2p-Gnutella06161.03;p2p-Gnutella06;8717;3739;31525;16;1.03;2638.0
p2p-Gnutella06321.03;p2p-Gnutella06;8717;3739;31525;32;1.03;2692.0
p2p-Gnutella06641.03;p2p-Gnutella06;8717;3739;31525;64;1.03;2760.0
p2p-Gnutella061281.03;p2p-Gnutella06;8717;3739;31525;128;1.03;2800.0
p2p-Gnutella0621.05;p2p-Gnutella06;8717;3739;31525;2;1.05;1736.0
p2p-Gnutella0641.05;p2p-Gnutella06;8717;3739;31525;4;1.05;2323.0
p2p-Gnutella0681.05;p2p-Gnutella06;8717;3739;31525;8;1.05;2502.0
p2p-Gnutella06161.05;p2p-Gnutella06;8717;3739;31525;16;1.05;2623.0
p2p-Gnutella06321.05;p2p-Gnutella06;8717;3739;31525;32;1.05;2704.0
p2p-Gnutella06641.05;p2p-Gnutella06;8717;3739;31525;64;1.05;2750.0
p2p-Gnutella061281.05;p2p-Gnutella06;8717;3739;31525;128;1.05;2808.0
p2p-Gnutella0621.1;p2p-Gnutella06;8717;3739;31525;2;1.1;1630.0
p2p-Gnutella0641.1;p2p-Gnutella06;8717;3739;31525;4;1.1;2286.0
p2p-Gnutella0681.1;p2p-Gnutella06;8717;3739;31525;8;1.1;2454.0
p2p-Gnutella06161.1;p2p-Gnutella06;8717;3739;31525;16;1.1;2616.0
p2p-Gnutella06321.1;p2p-Gnutella06;8717;3739;31525;32;1.1;2713.0
p2p-Gnutella06641.1;p2p-Gnutella06;8717;3739;31525;64;1.1;2714.0
p2p-Gnutella061281.1;p2p-Gnutella06;8717;3739;31525;128;1.1;2771.0
p2p-Gnutella0821.03;p2p-Gnutella08;6301;2465;20777;2;1.03;1183.0
p2p-Gnutella0841.03;p2p-Gnutella08;6301;2465;20777;4;1.03;1245.0
p2p-Gnutella0881.03;p2p-Gnutella08;6301;2465;20777;8;1.03;1381.0
p2p-Gnutella08161.03;p2p-Gnutella08;6301;2465;20777;16;1.03;1418.0
p2p-Gnutella08321.03;p2p-Gnutella08;6301;2465;20777;32;1.03;1464.0
p2p-Gnutella08641.03;p2p-Gnutella08;6301;2465;20777;64;1.03;1502.0
p2p-Gnutella081281.03;p2p-Gnutella08;6301;2465;20777;128;1.03;1764.0
p2p-Gnutella0821.05;p2p-Gnutella08;6301;2465;20777;2;1.05;1165.0
p2p-Gnutella0841.05;p2p-Gnutella08;6301;2465;20777;4;1.05;1248.0
p2p-Gnutella0881.05;p2p-Gnutella08;6301;2465;20777;8;1.05;1386.0
p2p-Gnutella08161.05;p2p-Gnutella08;6301;2465;20777;16;1.05;1417.0
p2p-Gnutella08321.05;p2p-Gnutella08;6301;2465;20777;32;1.05;1468.0
p2p-Gnutella08641.05;p2p-Gnutella08;6301;2465;20777;64;1.05;1518.0
p2p-Gnutella081281.05;p2p-Gnutella08;6301;2465;20777;128;1.05;1763.0
p2p-Gnutella0821.1;p2p-Gnutella08;6301;2465;20777;2;1.1;1064.0
p2p-Gnutella0841.1;p2p-Gnutella08;6301;2465;20777;4;1.1;1315.0
p2p-Gnutella0881.1;p2p-Gnutella08;6301;2465;20777;8;1.1;1387.0
p2p-Gnutella08161.1;p2p-Gnutella08;6301;2465;20777;16;1.1;1427.0
p2p-Gnutella08321.1;p2p-Gnutella08;6301;2465;20777;32;1.1;1465.0
p2p-Gnutella08641.1;p2p-Gnutella08;6301;2465;20777;64;1.1;1512.0
p2p-Gnutella081281.1;p2p-Gnutella08;6301;2465;20777;128;1.1;1738.0
p2p-Gnutella0921.03;p2p-Gnutella09;8114;3055;26013;2;1.03;1533.0
p2p-Gnutella0941.03;p2p-Gnutella09;8114;3055;26013;4;1.03;1613.0
p2p-Gnutella0981.03;p2p-Gnutella09;8114;3055;26013;8;1.03;1774.0
p2p-Gnutella09161.03;p2p-Gnutella09;8114;3055;26013;16;1.03;1810.0
p2p-Gnutella09321.03;p2p-Gnutella09;8114;3055;26013;32;1.03;1857.0
p2p-Gnutella09641.03;p2p-Gnutella09;8114;3055;26013;64;1.03;1906.0
p2p-Gnutella091281.03;p2p-Gnutella09;8114;3055;26013;128;1.03;2040.0
p2p-Gnutella0921.05;p2p-Gnutella09;8114;3055;26013;2;1.05;1507.0
p2p-Gnutella0941.05;p2p-Gnutella09;8114;3055;26013;4;1.05;1637.0
p2p-Gnutella0981.05;p2p-Gnutella09;8114;3055;26013;8;1.05;1779.0
p2p-Gnutella09161.05;p2p-Gnutella09;8114;3055;26013;16;1.05;1831.0
p2p-Gnutella09321.05;p2p-Gnutella09;8114;3055;26013;32;1.05;1858.0
p2p-Gnutella09641.05;p2p-Gnutella09;8114;3055;26013;64;1.05;1906.0
p2p-Gnutella091281.05;p2p-Gnutella09;8114;3055;26013;128;1.05;2038.0
p2p-Gnutella0921.1;p2p-Gnutella09;8114;3055;26013;2;1.1;1438.0
p2p-Gnutella0941.1;p2p-Gnutella09;8114;3055;26013;4;1.1;1637.0
p2p-Gnutella0981.1;p2p-Gnutella09;8114;3055;26013;8;1.1;1793.0
p2p-Gnutella09161.1;p2p-Gnutella09;8114;3055;26013;16;1.1;1822.0
p2p-Gnutella09321.1;p2p-Gnutella09;8114;3055;26013;32;1.1;1867.0
p2p-Gnutella09641.1;p2p-Gnutella09;8114;3055;26013;64;1.1;1917.0
p2p-Gnutella091281.1;p2p-Gnutella09;8114;3055;26013;128;1.1;2018.0
p2p-Gnutella2421.03;p2p-Gnutella24;26518;7570;65369;2;1.03;4296.0
p2p-Gnutella2441.03;p2p-Gnutella24;26518;7570;65369;4;1.03;4518.0
p2p-Gnutella2481.03;p2p-Gnutella24;26518;7570;65369;8;1.03;5077.0
p2p-Gnutella24161.03;p2p-Gnutella24;26518;7570;65369;16;1.03;5216.0
p2p-Gnutella24321.03;p2p-Gnutella24;26518;7570;65369;32;1.03;5298.0
p2p-Gnutella24641.03;p2p-Gnutella24;26518;7570;65369;64;1.03;5372.0
p2p-Gnutella241281.03;p2p-Gnutella24;26518;7570;65369;128;1.03;5419.0
p2p-Gnutella2421.05;p2p-Gnutella24;26518;7570;65369;2;1.05;4224.0
p2p-Gnutella2441.05;p2p-Gnutella24;26518;7570;65369;4;1.05;4645.0
p2p-Gnutella2481.05;p2p-Gnutella24;26518;7570;65369;8;1.05;5079.0
p2p-Gnutella24161.05;p2p-Gnutella24;26518;7570;65369;16;1.05;5203.0
p2p-Gnutella24321.05;p2p-Gnutella24;26518;7570;65369;32;1.05;5322.0
p2p-Gnutella24641.05;p2p-Gnutella24;26518;7570;65369;64;1.05;5373.0
p2p-Gnutella241281.05;p2p-Gnutella24;26518;7570;65369;128;1.05;5436.0
p2p-Gnutella2421.1;p2p-Gnutella24;26518;7570;65369;2;1.1;4057.0
p2p-Gnutella2441.1;p2p-Gnutella24;26518;7570;65369;4;1.1;4788.0
p2p-Gnutella2481.1;p2p-Gnutella24;26518;7570;65369;8;1.1;5212.0
p2p-Gnutella24161.1;p2p-Gnutella24;26518;7570;65369;16;1.1;5318.0
p2p-Gnutella24321.1;p2p-Gnutella24;26518;7570;65369;32;1.1;5370.0
p2p-Gnutella24641.1;p2p-Gnutella24;26518;7570;65369;64;1.1;5461.0
p2p-Gnutella241281.1;p2p-Gnutella24;26518;7570;65369;128;1.1;5498.0
p2p-Gnutella2521.03;p2p-Gnutella25;22687;6221;54705;2;1.03;3456.0
p2p-Gnutella2541.03;p2p-Gnutella25;22687;6221;54705;4;1.03;3694.0
p2p-Gnutella2581.03;p2p-Gnutella25;22687;6221;54705;8;1.03;4081.0
p2p-Gnutella25161.03;p2p-Gnutella25;22687;6221;54705;16;1.03;4186.0
p2p-Gnutella25321.03;p2p-Gnutella25;22687;6221;54705;32;1.03;4246.0
p2p-Gnutella25641.03;p2p-Gnutella25;22687;6221;54705;64;1.03;4311.0
p2p-Gnutella251281.03;p2p-Gnutella25;22687;6221;54705;128;1.03;4387.0
p2p-Gnutella2521.05;p2p-Gnutella25;22687;6221;54705;2;1.05;3445.0
p2p-Gnutella2541.05;p2p-Gnutella25;22687;6221;54705;4;1.05;3759.0
p2p-Gnutella2581.05;p2p-Gnutella25;22687;6221;54705;8;1.05;4134.0
p2p-Gnutella25161.05;p2p-Gnutella25;22687;6221;54705;16;1.05;4206.0
p2p-Gnutella25321.05;p2p-Gnutella25;22687;6221;54705;32;1.05;4257.0
p2p-Gnutella25641.05;p2p-Gnutella25;22687;6221;54705;64;1.05;4315.0
p2p-Gnutella251281.05;p2p-Gnutella25;22687;6221;54705;128;1.05;4402.0
p2p-Gnutella2521.1;p2p-Gnutella25;22687;6221;54705;2;1.1;3241.0
p2p-Gnutella2541.1;p2p-Gnutella25;22687;6221;54705;4;1.1;3787.0
p2p-Gnutella2581.1;p2p-Gnutella25;22687;6221;54705;8;1.1;4168.0
p2p-Gnutella25161.1;p2p-Gnutella25;22687;6221;54705;16;1.1;4263.0
p2p-Gnutella25321.1;p2p-Gnutella25;22687;6221;54705;32;1.1;4339.0
p2p-Gnutella25641.1;p2p-Gnutella25;22687;6221;54705;64;1.1;4374.0
p2p-Gnutella251281.1;p2p-Gnutella25;22687;6221;54705;128;1.1;4436.0
p2p-Gnutella3021.03;p2p-Gnutella30;36682;9722;88328;2;1.03;5031.0
p2p-Gnutella3041.03;p2p-Gnutella30;36682;9722;88328;4;1.03;5336.0
p2p-Gnutella3081.03;p2p-Gnutella30;36682;9722;88328;8;1.03;6304.0
p2p-Gnutella30161.03;p2p-Gnutella30;36682;9722;88328;16;1.03;6573.0
p2p-Gnutella30321.03;p2p-Gnutella30;36682;9722;88328;32;1.03;6747.0
p2p-Gnutella30641.03;p2p-Gnutella30;36682;9722;88328;64;1.03;6833.0
p2p-Gnutella301281.03;p2p-Gnutella30;36682;9722;88328;128;1.03;6961.0
p2p-Gnutella3021.05;p2p-Gnutella30;36682;9722;88328;2;1.05;5076.0
p2p-Gnutella3041.05;p2p-Gnutella30;36682;9722;88328;4;1.05;5334.0
p2p-Gnutella3081.05;p2p-Gnutella30;36682;9722;88328;8;1.05;6292.0
p2p-Gnutella30161.05;p2p-Gnutella30;36682;9722;88328;16;1.05;6575.0
p2p-Gnutella30321.05;p2p-Gnutella30;36682;9722;88328;32;1.05;6748.0
p2p-Gnutella30641.05;p2p-Gnutella30;36682;9722;88328;64;1.05;6853.0
p2p-Gnutella301281.05;p2p-Gnutella30;36682;9722;88328;128;1.05;6969.0
p2p-Gnutella3021.1;p2p-Gnutella30;36682;9722;88328;2;1.1;4950.0
p2p-Gnutella3041.1;p2p-Gnutella30;36682;9722;88328;4;1.1;5254.0
p2p-Gnutella3081.1;p2p-Gnutella30;36682;9722;88328;8;1.1;6297.0
p2p-Gnutella30161.1;p2p-Gnutella30;36682;9722;88328;16;1.1;6578.0
p2p-Gnutella30321.1;p2p-Gnutella30;36682;9722;88328;32;1.1;6768.0
p2p-Gnutella30641.1;p2p-Gnutella30;36682;9722;88328;64;1.1;6805.0
p2p-Gnutella301281.1;p2p-Gnutella30;36682;9722;88328;128;1.1;6969.0
p2p-Gnutella3121.03;p2p-Gnutella31;62586;16387;147892;2;1.03;8121.0
p2p-Gnutella3141.03;p2p-Gnutella31;62586;16387;147892;4;1.03;8963.0
p2p-Gnutella3181.03;p2p-Gnutella31;62586;16387;147892;8;1.03;10799.0
p2p-Gnutella31161.03;p2p-Gnutella31;62586;16387;147892;16;1.03;11290.0
p2p-Gnutella31321.03;p2p-Gnutella31;62586;16387;147892;32;1.03;11616.0
p2p-Gnutella31641.03;p2p-Gnutella31;62586;16387;147892;64;1.03;11725.0
p2p-Gnutella311281.03;p2p-Gnutella31;62586;16387;147892;128;1.03;11853.0
p2p-Gnutella3121.05;p2p-Gnutella31;62586;16387;147892;2;1.05;8111.0
p2p-Gnutella3141.05;p2p-Gnutella31;62586;16387;147892;4;1.05;8920.0
p2p-Gnutella3181.05;p2p-Gnutella31;62586;16387;147892;8;1.05;10805.0
p2p-Gnutella31161.05;p2p-Gnutella31;62586;16387;147892;16;1.05;11275.0
p2p-Gnutella31321.05;p2p-Gnutella31;62586;16387;147892;32;1.05;11530.0
p2p-Gnutella31641.05;p2p-Gnutella31;62586;16387;147892;64;1.05;11713.0
p2p-Gnutella311281.05;p2p-Gnutella31;62586;16387;147892;128;1.05;11830.0
p2p-Gnutella3121.1;p2p-Gnutella31;62586;16387;147892;2;1.1;8005.0
p2p-Gnutella3141.1;p2p-Gnutella31;62586;16387;147892;4;1.1;9163.0
p2p-Gnutella3181.1;p2p-Gnutella31;62586;16387;147892;8;1.1;10781.0
p2p-Gnutella31161.1;p2p-Gnutella31;62586;16387;147892;16;1.1;11321.0
p2p-Gnutella31321.1;p2p-Gnutella31;62586;16387;147892;32;1.1;11621.0
p2p-Gnutella31641.1;p2p-Gnutella31;62586;16387;147892;64;1.1;11724.0
p2p-Gnutella311281.1;p2p-Gnutella31;62586;16387;147892;128;1.1;11916.0
amazon031221.03;amazon0312;400727;388374;3200440;2;1.03;28002.0
amazon031241.03;amazon0312;400727;388374;3200440;4;1.03;54752.0
amazon031281.03;amazon0312;400727;388374;3200440;8;1.03;73239.0
amazon0312161.03;amazon0312;400727;388374;3200440;16;1.03;92247.0
amazon0312321.03;amazon0312;400727;388374;3200440;32;1.03;111063.0
amazon0312641.03;amazon0312;400727;388374;3200440;64;1.03;128679.0
amazon03121281.03;amazon0312;400727;388374;3200440;128;1.03;145286.0
amazon031221.05;amazon0312;400727;388374;3200440;2;1.05;27173.0
amazon031241.05;amazon0312;400727;388374;3200440;4;1.05;53573.0
amazon031281.05;amazon0312;400727;388374;3200440;8;1.05;74789.0
amazon0312161.05;amazon0312;400727;388374;3200440;16;1.05;91416.0
amazon0312321.05;amazon0312;400727;388374;3200440;32;1.05;110940.0
amazon0312641.05;amazon0312;400727;388374;3200440;64;1.05;128299.0
amazon03121281.05;amazon0312;400727;388374;3200440;128;1.05;145606.0
roadNet-CA21.03;roadNet-CA;1971281;1965206;5533214;2;1.03;308.0
roadNet-CA41.03;roadNet-CA;1971281;1965206;5533214;4;1.03;909.0
roadNet-CA81.03;roadNet-CA;1971281;1965206;5533214;8;1.03;1618.0
roadNet-CA161.03;roadNet-CA;1971281;1965206;5533214;16;1.03;2826.0
roadNet-CA321.03;roadNet-CA;1971281;1965206;5533214;32;1.03;5052.0
roadNet-CA641.03;roadNet-CA;1971281;1965206;5533214;64;1.03;8243.0
roadNet-CA1281.03;roadNet-CA;1971281;1965206;5533214;128;1.03;13263.0
roadNet-CA21.05;roadNet-CA;1971281;1965206;5533214;2;1.05;260.0
roadNet-CA41.05;roadNet-CA;1971281;1965206;5533214;4;1.05;850.0
roadNet-CA81.05;roadNet-CA;1971281;1965206;5533214;8;1.05;1535.0
roadNet-CA161.05;roadNet-CA;1971281;1965206;5533214;16;1.05;2823.0
roadNet-CA321.05;roadNet-CA;1971281;1965206;5533214;32;1.05;4841.0
roadNet-CA641.05;roadNet-CA;1971281;1965206;5533214;64;1.05;8075.0
roadNet-CA1281.05;roadNet-CA;1971281;1965206;5533214;128;1.05;13326.0
amazon031221.1;amazon0312;400727;388374;3200440;2;1.1;25238.0
amazon031241.1;amazon0312;400727;388374;3200440;4;1.1;51734.0
amazon031281.1;amazon0312;400727;388374;3200440;8;1.1;71736.0
amazon0312161.1;amazon0312;400727;388374;3200440;16;1.1;90167.0
amazon0312321.1;amazon0312;400727;388374;3200440;32;1.1;109321.0
amazon0312641.1;amazon0312;400727;388374;3200440;64;1.1;126597.0
amazon03121281.1;amazon0312;400727;388374;3200440;128;1.1;144601.0
roadNet-CA21.1;roadNet-CA;1971281;1965206;5533214;2;1.1;275.0
roadNet-CA41.1;roadNet-CA;1971281;1965206;5533214;4;1.1;806.0
roadNet-CA81.1;roadNet-CA;1971281;1965206;5533214;8;1.1;1596.0
roadNet-CA161.1;roadNet-CA;1971281;1965206;5533214;16;1.1;2812.0
roadNet-CA321.1;roadNet-CA;1971281;1965206;5533214;32;1.1;4685.0
roadNet-CA641.1;roadNet-CA;1971281;1965206;5533214;64;1.1;7586.0
roadNet-CA1281.1;roadNet-CA;1971281;1965206;5533214;128;1.1;12515.0
roadNet-PA21.03;roadNet-PA;1090920;1088092;3083796;2;1.03;296.0
roadNet-PA41.03;roadNet-PA;1090920;1088092;3083796;4;1.03;991.0
roadNet-PA81.03;roadNet-PA;1090920;1088092;3083796;8;1.03;1985.0
roadNet-PA161.03;roadNet-PA;1090920;1088092;3083796;16;1.03;3225.0
roadNet-PA321.03;roadNet-PA;1090920;1088092;3083796;32;1.03;5092.0
roadNet-PA641.03;roadNet-PA;1090920;1088092;3083796;64;1.03;7937.0
roadNet-PA1281.03;roadNet-PA;1090920;1088092;3083796;128;1.03;12889.0
roadNet-PA21.05;roadNet-PA;1090920;1088092;3083796;2;1.05;297.0
roadNet-PA41.05;roadNet-PA;1090920;1088092;3083796;4;1.05;957.0
roadNet-PA81.05;roadNet-PA;1090920;1088092;3083796;8;1.05;1898.0
roadNet-PA161.05;roadNet-PA;1090920;1088092;3083796;16;1.05;3152.0
roadNet-PA321.05;roadNet-PA;1090920;1088092;3083796;32;1.05;5094.0
roadNet-PA641.05;roadNet-PA;1090920;1088092;3083796;64;1.05;7786.0
roadNet-PA1281.05;roadNet-PA;1090920;1088092;3083796;128;1.05;12652.0
roadNet-PA21.1;roadNet-PA;1090920;1088092;3083796;2;1.1;264.0
roadNet-PA41.1;roadNet-PA;1090920;1088092;3083796;4;1.1;954.0
roadNet-PA81.1;roadNet-PA;1090920;1088092;3083796;8;1.1;1712.0
roadNet-PA161.1;roadNet-PA;1090920;1088092;3083796;16;1.1;3068.0
roadNet-PA321.1;roadNet-PA;1090920;1088092;3083796;32;1.1;4891.0
roadNet-PA641.1;roadNet-PA;1090920;1088092;3083796;64;1.1;7718.0
roadNet-PA1281.1;roadNet-PA;1090920;1088092;3083796;128;1.1;12199.0
roadNet-TX21.03;roadNet-TX;1393383;1379917;3843320;2;1.03;123.0
roadNet-TX41.03;roadNet-TX;1393383;1379917;3843320;4;1.03;359.0
roadNet-TX81.03;roadNet-TX;1393383;1379917;3843320;8;1.03;1074.0
roadNet-TX161.03;roadNet-TX;1393383;1379917;3843320;16;1.03;2099.0
roadNet-TX321.03;roadNet-TX;1393383;1379917;3843320;32;1.03;3551.0
roadNet-TX641.03;roadNet-TX;1393383;1379917;3843320;64;1.03;6375.0
roadNet-TX1281.03;roadNet-TX;1393383;1379917;3843320;128;1.03;10958.0
roadNet-TX21.05;roadNet-TX;1393383;1379917;3843320;2;1.05;136.0
roadNet-TX41.05;roadNet-TX;1393383;1379917;3843320;4;1.05;320.0
roadNet-TX81.05;roadNet-TX;1393383;1379917;3843320;8;1.05;971.0
roadNet-TX161.05;roadNet-TX;1393383;1379917;3843320;16;1.05;2023.0
roadNet-TX321.05;roadNet-TX;1393383;1379917;3843320;32;1.05;3684.0
roadNet-TX641.05;roadNet-TX;1393383;1379917;3843320;64;1.05;6317.0
roadNet-TX1281.05;roadNet-TX;1393383;1379917;3843320;128;1.05;10713.0
roadNet-TX21.1;roadNet-TX;1393383;1379917;3843320;2;1.1;142.0
roadNet-TX41.1;roadNet-TX;1393383;1379917;3843320;4;1.1;319.0
roadNet-TX81.1;roadNet-TX;1393383;1379917;3843320;8;1.1;947.0
roadNet-TX161.1;roadNet-TX;1393383;1379917;3843320;16;1.1;1892.0
roadNet-TX321.1;roadNet-TX;1393383;1379917;3843320;32;1.1;3462.0
roadNet-TX641.1;roadNet-TX;1393383;1379917;3843320;64;1.1;6007.0
roadNet-TX1281.1;roadNet-TX;1393383;1379917;3843320;128;1.1;10356.0
soc-Epinions121.03;soc-Epinions1;75888;60341;508837;2;1.03;1829.0
soc-Epinions141.03;soc-Epinions1;75888;60341;508837;4;1.03;8672.0
soc-Epinions181.03;soc-Epinions1;75888;60341;508837;8;1.03;14009.0
soc-Epinions1161.03;soc-Epinions1;75888;60341;508837;16;1.03;17856.0
soc-Epinions1321.03;soc-Epinions1;75888;60341;508837;32;1.03;18989.0
soc-Epinions1641.03;soc-Epinions1;75888;60341;508837;64;1.03;20034.0
soc-Epinions11281.03;soc-Epinions1;75888;60341;508837;128;1.03;19963.0
soc-Epinions121.05;soc-Epinions1;75888;60341;508837;2;1.05;1557.0
soc-Epinions141.05;soc-Epinions1;75888;60341;508837;4;1.05;8456.0
soc-Epinions181.05;soc-Epinions1;75888;60341;508837;8;1.05;13903.0
soc-Epinions1161.05;soc-Epinions1;75888;60341;508837;16;1.05;17698.0
soc-Epinions1321.05;soc-Epinions1;75888;60341;508837;32;1.05;18935.0
soc-Epinions1641.05;soc-Epinions1;75888;60341;508837;64;1.05;20012.0
soc-Epinions11281.05;soc-Epinions1;75888;60341;508837;128;1.05;20315.0
soc-Epinions121.1;soc-Epinions1;75888;60341;508837;2;1.1;978.0
soc-Epinions141.1;soc-Epinions1;75888;60341;508837;4;1.1;8138.0
soc-Epinions181.1;soc-Epinions1;75888;60341;508837;8;1.1;13528.0
soc-Epinions1161.1;soc-Epinions1;75888;60341;508837;16;1.1;17402.0
soc-Epinions1321.1;soc-Epinions1;75888;60341;508837;32;1.1;18999.0
soc-Epinions1641.1;soc-Epinions1;75888;60341;508837;64;1.1;19901.0
soc-Epinions11281.1;soc-Epinions1;75888;60341;508837;128;1.1;20268.0
soc-sign-epinions21.03;soc-sign-epinions;131828;95318;841372;2;1.03;286.0
soc-sign-epinions41.03;soc-sign-epinions;131828;95318;841372;4;1.03;8839.0
soc-sign-epinions81.03;soc-sign-epinions;131828;95318;841372;8;1.03;16304.0
soc-sign-epinions161.03;soc-sign-epinions;131828;95318;841372;16;1.03;21775.0
soc-sign-epinions321.03;soc-sign-epinions;131828;95318;841372;32;1.03;24309.0
soc-sign-epinions641.03;soc-sign-epinions;131828;95318;841372;64;1.03;26019.0
soc-sign-epinions1281.03;soc-sign-epinions;131828;95318;841372;128;1.03;26385.0
soc-sign-epinions21.05;soc-sign-epinions;131828;95318;841372;2;1.05;146.0
soc-sign-epinions41.05;soc-sign-epinions;131828;95318;841372;4;1.05;8667.0
soc-sign-epinions81.05;soc-sign-epinions;131828;95318;841372;8;1.05;16166.0
soc-sign-epinions161.05;soc-sign-epinions;131828;95318;841372;16;1.05;21169.0
soc-sign-epinions321.05;soc-sign-epinions;131828;95318;841372;32;1.05;24297.0
soc-sign-epinions641.05;soc-sign-epinions;131828;95318;841372;64;1.05;25967.0
soc-sign-epinions1281.05;soc-sign-epinions;131828;95318;841372;128;1.05;26770.0
soc-sign-epinions21.1;soc-sign-epinions;131828;95318;841372;2;1.1;38.0
soc-sign-epinions41.1;soc-sign-epinions;131828;95318;841372;4;1.1;8398.0
soc-sign-epinions81.1;soc-sign-epinions;131828;95318;841372;8;1.1;15665.0
soc-sign-epinions161.1;soc-sign-epinions;131828;95318;841372;16;1.1;21335.0
soc-sign-epinions321.1;soc-sign-epinions;131828;95318;841372;32;1.1;24063.0
soc-sign-epinions641.1;soc-sign-epinions;131828;95318;841372;64;1.1;25770.0
soc-sign-epinions1281.1;soc-sign-epinions;131828;95318;841372;128;1.1;26804.0
soc-sign-Slashdot08110621.03;soc-sign-Slashdot081106;77357;43349;516575;2;1.03;6155.0
soc-sign-Slashdot08110641.03;soc-sign-Slashdot081106;77357;43349;516575;4;1.03;10303.0
soc-sign-Slashdot08110681.03;soc-sign-Slashdot081106;77357;43349;516575;8;1.03;15059.0
soc-sign-Slashdot081106161.03;soc-sign-Slashdot081106;77357;43349;516575;16;1.03;17153.0
soc-sign-Slashdot081106321.03;soc-sign-Slashdot081106;77357;43349;516575;32;1.03;18452.0
soc-sign-Slashdot081106641.03;soc-sign-Slashdot081106;77357;43349;516575;64;1.03;19016.0
soc-sign-Slashdot0811061281.03;soc-sign-Slashdot081106;77357;43349;516575;128;1.03;19428.0
soc-sign-Slashdot08110621.05;soc-sign-Slashdot081106;77357;43349;516575;2;1.05;5954.0
soc-sign-Slashdot08110641.05;soc-sign-Slashdot081106;77357;43349;516575;4;1.05;10166.0
soc-sign-Slashdot08110681.05;soc-sign-Slashdot081106;77357;43349;516575;8;1.05;14915.0
soc-sign-Slashdot081106161.05;soc-sign-Slashdot081106;77357;43349;516575;16;1.05;17165.0
soc-sign-Slashdot081106321.05;soc-sign-Slashdot081106;77357;43349;516575;32;1.05;18419.0
soc-sign-Slashdot081106641.05;soc-sign-Slashdot081106;77357;43349;516575;64;1.05;19092.0
soc-sign-Slashdot0811061281.05;soc-sign-Slashdot081106;77357;43349;516575;128;1.05;19329.0
soc-sign-Slashdot08110621.1;soc-sign-Slashdot081106;77357;43349;516575;2;1.1;5864.0
soc-sign-Slashdot08110641.1;soc-sign-Slashdot081106;77357;43349;516575;4;1.1;9897.0
soc-sign-Slashdot08110681.1;soc-sign-Slashdot081106;77357;43349;516575;8;1.1;14695.0
soc-sign-Slashdot081106161.1;soc-sign-Slashdot081106;77357;43349;516575;16;1.1;17153.0
soc-sign-Slashdot081106321.1;soc-sign-Slashdot081106;77357;43349;516575;32;1.1;18385.0
soc-sign-Slashdot081106641.1;soc-sign-Slashdot081106;77357;43349;516575;64;1.1;18954.0
soc-sign-Slashdot0811061281.1;soc-sign-Slashdot081106;77357;43349;516575;128;1.1;19490.0
soc-sign-Slashdot09021621.03;soc-sign-Slashdot090216;81871;43873;545671;2;1.03;6675.0
soc-sign-Slashdot09021641.03;soc-sign-Slashdot090216;81871;43873;545671;4;1.03;10974.0
soc-sign-Slashdot09021681.03;soc-sign-Slashdot090216;81871;43873;545671;8;1.03;15798.0
soc-sign-Slashdot090216161.03;soc-sign-Slashdot090216;81871;43873;545671;16;1.03;17559.0
soc-sign-Slashdot090216321.03;soc-sign-Slashdot090216;81871;43873;545671;32;1.03;18908.0
soc-sign-Slashdot090216641.03;soc-sign-Slashdot090216;81871;43873;545671;64;1.03;19503.0
soc-sign-Slashdot0902161281.03;soc-sign-Slashdot090216;81871;43873;545671;128;1.03;19838.0
soc-sign-Slashdot09021621.05;soc-sign-Slashdot090216;81871;43873;545671;2;1.05;6352.0
soc-sign-Slashdot09021641.05;soc-sign-Slashdot090216;81871;43873;545671;4;1.05;10811.0
soc-sign-Slashdot09021681.05;soc-sign-Slashdot090216;81871;43873;545671;8;1.05;15631.0
soc-sign-Slashdot090216161.05;soc-sign-Slashdot090216;81871;43873;545671;16;1.05;17717.0
soc-sign-Slashdot090216321.05;soc-sign-Slashdot090216;81871;43873;545671;32;1.05;18806.0
soc-sign-Slashdot090216641.05;soc-sign-Slashdot090216;81871;43873;545671;64;1.05;19476.0
soc-sign-Slashdot0902161281.05;soc-sign-Slashdot090216;81871;43873;545671;128;1.05;19823.0
soc-sign-Slashdot09021621.1;soc-sign-Slashdot090216;81871;43873;545671;2;1.1;6309.0
soc-sign-Slashdot09021641.1;soc-sign-Slashdot090216;81871;43873;545671;4;1.1;10495.0
soc-sign-Slashdot09021681.1;soc-sign-Slashdot090216;81871;43873;545671;8;1.1;15491.0
soc-sign-Slashdot090216161.1;soc-sign-Slashdot090216;81871;43873;545671;16;1.1;17440.0
soc-sign-Slashdot090216321.1;soc-sign-Slashdot090216;81871;43873;545671;32;1.1;18791.0
soc-sign-Slashdot090216641.1;soc-sign-Slashdot090216;81871;43873;545671;64;1.1;19436.0
soc-sign-Slashdot0902161281.1;soc-sign-Slashdot090216;81871;43873;545671;128;1.1;19826.0
soc-sign-Slashdot09022121.03;soc-sign-Slashdot090221;82144;44044;549202;2;1.03;6753.0
soc-sign-Slashdot09022141.03;soc-sign-Slashdot090221;82144;44044;549202;4;1.03;10969.0
soc-sign-Slashdot09022181.03;soc-sign-Slashdot090221;82144;44044;549202;8;1.03;15731.0
soc-sign-Slashdot090221161.03;soc-sign-Slashdot090221;82144;44044;549202;16;1.03;17529.0
soc-sign-Slashdot090221321.03;soc-sign-Slashdot090221;82144;44044;549202;32;1.03;18901.0
soc-sign-Slashdot090221641.03;soc-sign-Slashdot090221;82144;44044;549202;64;1.03;19503.0
soc-sign-Slashdot0902211281.03;soc-sign-Slashdot090221;82144;44044;549202;128;1.03;19832.0
soc-sign-Slashdot09022121.05;soc-sign-Slashdot090221;82144;44044;549202;2;1.05;6325.0
soc-sign-Slashdot09022141.05;soc-sign-Slashdot090221;82144;44044;549202;4;1.05;10843.0
soc-sign-Slashdot09022181.05;soc-sign-Slashdot090221;82144;44044;549202;8;1.05;15590.0
soc-sign-Slashdot090221161.05;soc-sign-Slashdot090221;82144;44044;549202;16;1.05;17580.0
soc-sign-Slashdot090221321.05;soc-sign-Slashdot090221;82144;44044;549202;32;1.05;18970.0
soc-sign-Slashdot090221641.05;soc-sign-Slashdot090221;82144;44044;549202;64;1.05;19483.0
soc-sign-Slashdot0902211281.05;soc-sign-Slashdot090221;82144;44044;549202;128;1.05;19800.0
soc-sign-Slashdot09022121.1;soc-sign-Slashdot090221;82144;44044;549202;2;1.1;5701.0
soc-sign-Slashdot09022141.1;soc-sign-Slashdot090221;82144;44044;549202;4;1.1;10487.0
soc-sign-Slashdot09022181.1;soc-sign-Slashdot090221;82144;44044;549202;8;1.1;15429.0
soc-sign-Slashdot090221161.1;soc-sign-Slashdot090221;82144;44044;549202;16;1.1;17557.0
soc-sign-Slashdot090221321.1;soc-sign-Slashdot090221;82144;44044;549202;32;1.1;18840.0
soc-sign-Slashdot090221641.1;soc-sign-Slashdot090221;82144;44044;549202;64;1.1;19485.0
soc-sign-Slashdot0902211281.1;soc-sign-Slashdot090221;82144;44044;549202;128;1.1;19843.0
soc-Slashdot081121.03;soc-Slashdot0811;77360;77316;905468;2;1.03;25548.0
soc-Slashdot081141.03;soc-Slashdot0811;77360;77316;905468;4;1.03;28366.0
soc-Slashdot081181.03;soc-Slashdot0811;77360;77316;905468;8;1.03;31068.0
soc-Slashdot0811161.03;soc-Slashdot0811;77360;77316;905468;16;1.03;31989.0
soc-Slashdot0811321.03;soc-Slashdot0811;77360;77316;905468;32;1.03;32587.0
soc-Slashdot0811641.03;soc-Slashdot0811;77360;77316;905468;64;1.03;33014.0
soc-Slashdot08111281.03;soc-Slashdot0811;77360;77316;905468;128;1.03;33358.0
soc-Slashdot081121.05;soc-Slashdot0811;77360;77316;905468;2;1.05;25529.0
soc-Slashdot081141.05;soc-Slashdot0811;77360;77316;905468;4;1.05;28219.0
soc-Slashdot081181.05;soc-Slashdot0811;77360;77316;905468;8;1.05;30994.0
soc-Slashdot0811161.05;soc-Slashdot0811;77360;77316;905468;16;1.05;31957.0
soc-Slashdot0811321.05;soc-Slashdot0811;77360;77316;905468;32;1.05;32544.0
soc-Slashdot0811641.05;soc-Slashdot0811;77360;77316;905468;64;1.05;32947.0
soc-Slashdot08111281.05;soc-Slashdot0811;77360;77316;905468;128;1.05;33309.0
soc-Slashdot081121.1;soc-Slashdot0811;77360;77316;905468;2;1.1;24898.0
soc-Slashdot081141.1;soc-Slashdot0811;77360;77316;905468;4;1.1;28087.0
soc-Slashdot081181.1;soc-Slashdot0811;77360;77316;905468;8;1.1;30806.0
soc-Slashdot0811161.1;soc-Slashdot0811;77360;77316;905468;16;1.1;31796.0
soc-Slashdot0811321.1;soc-Slashdot0811;77360;77316;905468;32;1.1;32405.0
soc-Slashdot0811641.1;soc-Slashdot0811;77360;77316;905468;64;1.1;32801.0
soc-Slashdot08111281.1;soc-Slashdot0811;77360;77316;905468;128;1.1;33228.0
amazon050521.03;amazon0505;410236;396803;3356824;2;1.03;28064.0
amazon050541.03;amazon0505;410236;396803;3356824;4;1.03;55572.0
amazon050581.03;amazon0505;410236;396803;3356824;8;1.03;76979.0
amazon0505161.03;amazon0505;410236;396803;3356824;16;1.03;95160.0
amazon0505321.03;amazon0505;410236;396803;3356824;32;1.03;114906.0
amazon0505641.03;amazon0505;410236;396803;3356824;64;1.03;133046.0
amazon05051281.03;amazon0505;410236;396803;3356824;128;1.03;150521.0
amazon050521.05;amazon0505;410236;396803;3356824;2;1.05;27307.0
amazon050541.05;amazon0505;410236;396803;3356824;4;1.05;54400.0
amazon050581.05;amazon0505;410236;396803;3356824;8;1.05;75377.0
amazon0505161.05;amazon0505;410236;396803;3356824;16;1.05;93208.0
amazon0505321.05;amazon0505;410236;396803;3356824;32;1.05;114405.0
amazon0505641.05;amazon0505;410236;396803;3356824;64;1.05;132788.0
amazon05051281.05;amazon0505;410236;396803;3356824;128;1.05;150914.0
soc-Slashdot090221.03;soc-Slashdot0902;82168;78441;948464;2;1.03;25874.0
soc-Slashdot090241.03;soc-Slashdot0902;82168;78441;948464;4;1.03;28660.0
soc-Slashdot090281.03;soc-Slashdot0902;82168;78441;948464;8;1.03;31542.0
soc-Slashdot0902161.03;soc-Slashdot0902;82168;78441;948464;16;1.03;32547.0
soc-Slashdot0902321.03;soc-Slashdot0902;82168;78441;948464;32;1.03;33139.0
soc-Slashdot0902641.03;soc-Slashdot0902;82168;78441;948464;64;1.03;33614.0
soc-Slashdot09021281.03;soc-Slashdot0902;82168;78441;948464;128;1.03;33945.0
soc-Slashdot090221.05;soc-Slashdot0902;82168;78441;948464;2;1.05;25748.0
soc-Slashdot090241.05;soc-Slashdot0902;82168;78441;948464;4;1.05;28558.0
soc-Slashdot090281.05;soc-Slashdot0902;82168;78441;948464;8;1.05;31437.0
soc-Slashdot0902161.05;soc-Slashdot0902;82168;78441;948464;16;1.05;32486.0
soc-Slashdot0902321.05;soc-Slashdot0902;82168;78441;948464;32;1.05;33122.0
soc-Slashdot0902641.05;soc-Slashdot0902;82168;78441;948464;64;1.05;33468.0
soc-Slashdot09021281.05;soc-Slashdot0902;82168;78441;948464;128;1.05;33842.0
amazon050521.1;amazon0505;410236;396803;3356824;2;1.1;25603.0
amazon050541.1;amazon0505;410236;396803;3356824;4;1.1;52102.0
amazon050581.1;amazon0505;410236;396803;3356824;8;1.1;73274.0
amazon0505161.1;amazon0505;410236;396803;3356824;16;1.1;92583.0
amazon0505321.1;amazon0505;410236;396803;3356824;32;1.1;113188.0
amazon0505641.1;amazon0505;410236;396803;3356824;64;1.1;131781.0
amazon05051281.1;amazon0505;410236;396803;3356824;128;1.1;150000.0
soc-Slashdot090221.1;soc-Slashdot0902;82168;78441;948464;2;1.1;25282.0
soc-Slashdot090241.1;soc-Slashdot0902;82168;78441;948464;4;1.1;28397.0
soc-Slashdot090281.1;soc-Slashdot0902;82168;78441;948464;8;1.1;31310.0
soc-Slashdot0902161.1;soc-Slashdot0902;82168;78441;948464;16;1.1;32284.0
soc-Slashdot0902321.1;soc-Slashdot0902;82168;78441;948464;32;1.1;32970.0
soc-Slashdot0902641.1;soc-Slashdot0902;82168;78441;948464;64;1.1;33417.0
soc-Slashdot09021281.1;soc-Slashdot0902;82168;78441;948464;128;1.1;33796.0
web-BerkStan21.03;web-BerkStan;685230;680486;7600595;2;1.03;875.0
web-BerkStan41.03;web-BerkStan;685230;680486;7600595;4;1.03;1941.0
web-BerkStan81.03;web-BerkStan;685230;680486;7600595;8;1.03;12057.0
web-BerkStan161.03;web-BerkStan;685230;680486;7600595;16;1.03;34995.0
web-BerkStan321.03;web-BerkStan;685230;680486;7600595;32;1.03;74279.0
web-BerkStan641.03;web-BerkStan;685230;680486;7600595;64;1.03;119735.0
web-BerkStan1281.03;web-BerkStan;685230;680486;7600595;128;1.03;160892.0
web-BerkStan21.05;web-BerkStan;685230;680486;7600595;2;1.05;875.0
web-BerkStan41.05;web-BerkStan;685230;680486;7600595;4;1.05;1511.0
web-BerkStan81.05;web-BerkStan;685230;680486;7600595;8;1.05;11755.0
web-BerkStan161.05;web-BerkStan;685230;680486;7600595;16;1.05;27505.0
web-BerkStan321.05;web-BerkStan;685230;680486;7600595;32;1.05;74659.0
web-BerkStan641.05;web-BerkStan;685230;680486;7600595;64;1.05;119953.0
web-BerkStan1281.05;web-BerkStan;685230;680486;7600595;128;1.05;159969.0
web-BerkStan21.1;web-BerkStan;685230;680486;7600595;2;1.1;876.0
web-BerkStan41.1;web-BerkStan;685230;680486;7600595;4;1.1;1495.0
web-BerkStan81.1;web-BerkStan;685230;680486;7600595;8;1.1;10863.0
web-BerkStan161.1;web-BerkStan;685230;680486;7600595;16;1.1;34008.0
web-BerkStan321.1;web-BerkStan;685230;680486;7600595;32;1.1;72373.0
web-BerkStan641.1;web-BerkStan;685230;680486;7600595;64;1.1;116019.0
web-BerkStan1281.1;web-BerkStan;685230;680486;7600595;128;1.1;159008.0
web-Google21.03;web-Google;916428;739454;5105039;2;1.03;6286.0
web-Google41.03;web-Google;916428;739454;5105039;4;1.03;12486.0
web-Google81.03;web-Google;916428;739454;5105039;8;1.03;15179.0
web-Google161.03;web-Google;916428;739454;5105039;16;1.03;16670.0
web-Google321.03;web-Google;916428;739454;5105039;32;1.03;17824.0
web-Google641.03;web-Google;916428;739454;5105039;64;1.03;19321.0
web-Google1281.03;web-Google;916428;739454;5105039;128;1.03;22267.0
web-Google21.05;web-Google;916428;739454;5105039;2;1.05;5967.0
web-Google41.05;web-Google;916428;739454;5105039;4;1.05;12607.0
web-Google81.05;web-Google;916428;739454;5105039;8;1.05;15235.0
web-Google161.05;web-Google;916428;739454;5105039;16;1.05;16707.0
web-Google321.05;web-Google;916428;739454;5105039;32;1.05;17975.0
web-Google641.05;web-Google;916428;739454;5105039;64;1.05;19427.0
web-Google1281.05;web-Google;916428;739454;5105039;128;1.05;22109.0
web-Google21.1;web-Google;916428;739454;5105039;2;1.1;5298.0
web-Google41.1;web-Google;916428;739454;5105039;4;1.1;12106.0
web-Google81.1;web-Google;916428;739454;5105039;8;1.1;14986.0
web-Google161.1;web-Google;916428;739454;5105039;16;1.1;16648.0
web-Google321.1;web-Google;916428;739454;5105039;32;1.1;18069.0
web-Google641.1;web-Google;916428;739454;5105039;64;1.1;19490.0
web-Google1281.1;web-Google;916428;739454;5105039;128;1.1;23159.0
web-NotreDame21.03;web-NotreDame;325729;137941;1497134;2;1.03;256.0
web-NotreDame41.03;web-NotreDame;325729;137941;1497134;4;1.03;1916.0
web-NotreDame81.03;web-NotreDame;325729;137941;1497134;8;1.03;3914.0
web-NotreDame161.03;web-NotreDame;325729;137941;1497134;16;1.03;5116.0
web-NotreDame321.03;web-NotreDame;325729;137941;1497134;32;1.03;6593.0
web-NotreDame641.03;web-NotreDame;325729;137941;1497134;64;1.03;14160.0
web-NotreDame1281.03;web-NotreDame;325729;137941;1497134;128;1.03;21023.0
web-NotreDame21.05;web-NotreDame;325729;137941;1497134;2;1.05;250.0
web-NotreDame41.05;web-NotreDame;325729;137941;1497134;4;1.05;1849.0
web-NotreDame81.05;web-NotreDame;325729;137941;1497134;8;1.05;3884.0
web-NotreDame161.05;web-NotreDame;325729;137941;1497134;16;1.05;5026.0
web-NotreDame321.05;web-NotreDame;325729;137941;1497134;32;1.05;6385.0
web-NotreDame641.05;web-NotreDame;325729;137941;1497134;64;1.05;13812.0
web-NotreDame1281.05;web-NotreDame;325729;137941;1497134;128;1.05;20748.0
web-NotreDame21.1;web-NotreDame;325729;137941;1497134;2;1.1;233.0
web-NotreDame41.1;web-NotreDame;325729;137941;1497134;4;1.1;1755.0
web-NotreDame81.1;web-NotreDame;325729;137941;1497134;8;1.1;3825.0
web-NotreDame161.1;web-NotreDame;325729;137941;1497134;16;1.1;5037.0
web-NotreDame321.1;web-NotreDame;325729;137941;1497134;32;1.1;6237.0
web-NotreDame641.1;web-NotreDame;325729;137941;1497134;64;1.1;13399.0
web-NotreDame1281.1;web-NotreDame;325729;137941;1497134;128;1.1;20459.0
web-Stanford21.03;web-Stanford;281903;281731;2312497;2;1.03;40.0
web-Stanford41.03;web-Stanford;281903;281731;2312497;4;1.03;2122.0
web-Stanford81.03;web-Stanford;281903;281731;2312497;8;1.03;7671.0
web-Stanford161.03;web-Stanford;281903;281731;2312497;16;1.03;13557.0
web-Stanford321.03;web-Stanford;281903;281731;2312497;32;1.03;29206.0
web-Stanford641.03;web-Stanford;281903;281731;2312497;64;1.03;47037.0
web-Stanford1281.03;web-Stanford;281903;281731;2312497;128;1.03;57212.0
web-Stanford21.05;web-Stanford;281903;281731;2312497;2;1.05;41.0
web-Stanford41.05;web-Stanford;281903;281731;2312497;4;1.05;2027.0
web-Stanford81.05;web-Stanford;281903;281731;2312497;8;1.05;7263.0
web-Stanford161.05;web-Stanford;281903;281731;2312497;16;1.05;15098.0
web-Stanford321.05;web-Stanford;281903;281731;2312497;32;1.05;28622.0
web-Stanford641.05;web-Stanford;281903;281731;2312497;64;1.05;46950.0
web-Stanford1281.05;web-Stanford;281903;281731;2312497;128;1.05;56964.0
web-Stanford21.1;web-Stanford;281903;281731;2312497;2;1.1;38.0
web-Stanford41.1;web-Stanford;281903;281731;2312497;4;1.1;1819.0
web-Stanford81.1;web-Stanford;281903;281731;2312497;8;1.1;7026.0
web-Stanford161.1;web-Stanford;281903;281731;2312497;16;1.1;13697.0
web-Stanford321.1;web-Stanford;281903;281731;2312497;32;1.1;27396.0
web-Stanford641.1;web-Stanford;281903;281731;2312497;64;1.1;45137.0
web-Stanford1281.1;web-Stanford;281903;281731;2312497;128;1.1;56730.0
wiki-Talk21.03;wiki-Talk;2394385;147602;5021410;2;1.03;1018.0
wiki-Talk41.03;wiki-Talk;2394385;147602;5021410;4;1.03;4432.0
wiki-Talk81.03;wiki-Talk;2394385;147602;5021410;8;1.03;6782.0
wiki-Talk161.03;wiki-Talk;2394385;147602;5021410;16;1.03;10953.0
wiki-Talk321.03;wiki-Talk;2394385;147602;5021410;32;1.03;16319.0
wiki-Talk641.03;wiki-Talk;2394385;147602;5021410;64;1.03;24499.0
wiki-Talk1281.03;wiki-Talk;2394385;147602;5021410;128;1.03;32692.0
wiki-Talk21.05;wiki-Talk;2394385;147602;5021410;2;1.05;989.0
wiki-Talk41.05;wiki-Talk;2394385;147602;5021410;4;1.05;4450.0
wiki-Talk81.05;wiki-Talk;2394385;147602;5021410;8;1.05;6758.0
wiki-Talk161.05;wiki-Talk;2394385;147602;5021410;16;1.05;10682.0
wiki-Talk321.05;wiki-Talk;2394385;147602;5021410;32;1.05;16166.0
wiki-Talk641.05;wiki-Talk;2394385;147602;5021410;64;1.05;24276.0
wiki-Talk1281.05;wiki-Talk;2394385;147602;5021410;128;1.05;32422.0
wiki-Talk21.1;wiki-Talk;2394385;147602;5021410;2;1.1;1001.0
wiki-Talk41.1;wiki-Talk;2394385;147602;5021410;4;1.1;4463.0
wiki-Talk81.1;wiki-Talk;2394385;147602;5021410;8;1.1;6263.0
wiki-Talk161.1;wiki-Talk;2394385;147602;5021410;16;1.1;10626.0
wiki-Talk321.1;wiki-Talk;2394385;147602;5021410;32;1.1;15741.0
wiki-Talk641.1;wiki-Talk;2394385;147602;5021410;64;1.1;23750.0
wiki-Talk1281.1;wiki-Talk;2394385;147602;5021410;128;1.1;31811.0
wiki-Vote21.03;wiki-Vote;8297;6110;103689;2;1.03;-1
wiki-Vote41.03;wiki-Vote;8297;6110;103689;4;1.03;283.0
wiki-Vote81.03;wiki-Vote;8297;6110;103689;8;1.03;1592.0
wiki-Vote161.03;wiki-Vote;8297;6110;103689;16;1.03;2341.0
wiki-Vote321.03;wiki-Vote;8297;6110;103689;32;1.03;2667.0
wiki-Vote641.03;wiki-Vote;8297;6110;103689;64;1.03;2874.0
wiki-Vote1281.03;wiki-Vote;8297;6110;103689;128;1.03;2967.0
wiki-Vote21.05;wiki-Vote;8297;6110;103689;2;1.05;-1
wiki-Vote41.05;wiki-Vote;8297;6110;103689;4;1.05;214.0
wiki-Vote81.05;wiki-Vote;8297;6110;103689;8;1.05;1562.0
wiki-Vote161.05;wiki-Vote;8297;6110;103689;16;1.05;2323.0
wiki-Vote321.05;wiki-Vote;8297;6110;103689;32;1.05;2667.0
wiki-Vote641.05;wiki-Vote;8297;6110;103689;64;1.05;2868.0
wiki-Vote1281.05;wiki-Vote;8297;6110;103689;128;1.05;2958.0
wiki-Vote21.1;wiki-Vote;8297;6110;103689;2;1.1;-1
wiki-Vote41.1;wiki-Vote;8297;6110;103689;4;1.1;72.0
wiki-Vote81.1;wiki-Vote;8297;6110;103689;8;1.1;1450.0
wiki-Vote161.1;wiki-Vote;8297;6110;103689;16;1.1;2257.0
wiki-Vote321.1;wiki-Vote;8297;6110;103689;32;1.1;2613.0
wiki-Vote641.1;wiki-Vote;8297;6110;103689;64;1.1;2846.0
wiki-Vote1281.1;wiki-Vote;8297;6110;103689;128;1.1;2955.0
amazon060121.03;amazon0601;403394;402439;3387388;2;1.03;28247.0
amazon060141.03;amazon0601;403394;402439;3387388;4;1.03;55715.0
amazon060181.03;amazon0601;403394;402439;3387388;8;1.03;76556.0
amazon0601161.03;amazon0601;403394;402439;3387388;16;1.03;96117.0
amazon0601321.03;amazon0601;403394;402439;3387388;32;1.03;116914.0
amazon0601641.03;amazon0601;403394;402439;3387388;64;1.03;133887.0
amazon06011281.03;amazon0601;403394;402439;3387388;128;1.03;152079.0
amazon060121.05;amazon0601;403394;402439;3387388;2;1.05;27326.0
amazon060141.05;amazon0601;403394;402439;3387388;4;1.05;54856.0
amazon060181.05;amazon0601;403394;402439;3387388;8;1.05;75626.0
amazon0601161.05;amazon0601;403394;402439;3387388;16;1.05;94749.0
amazon0601321.05;amazon0601;403394;402439;3387388;32;1.05;115504.0
amazon0601641.05;amazon0601;403394;402439;3387388;64;1.05;133867.0
amazon06011281.05;amazon0601;403394;402439;3387388;128;1.05;151421.0
amazon060121.1;amazon0601;403394;402439;3387388;2;1.1;25649.0
amazon060141.1;amazon0601;403394;402439;3387388;4;1.1;53583.0
amazon060181.1;amazon0601;403394;402439;3387388;8;1.1;73375.0
amazon0601161.1;amazon0601;403394;402439;3387388;16;1.1;93395.0
amazon0601321.1;amazon0601;403394;402439;3387388;32;1.1;114589.0
amazon0601641.1;amazon0601;403394;402439;3387388;64;1.1;132542.0
amazon06011281.1;amazon0601;403394;402439;3387388;128;1.1;151347.0
as-73521.03;as-735;7716;6474;27790;2;1.03;349.0
as-73541.03;as-735;7716;6474;27790;4;1.03;479.0
as-73581.03;as-735;7716;6474;27790;8;1.03;752.0
as-735161.03;as-735;7716;6474;27790;16;1.03;1234.0
as-735321.03;as-735;7716;6474;27790;32;1.03;1556.0
as-735641.03;as-735;7716;6474;27790;64;1.03;1757.0
as-7351281.03;as-735;7716;6474;27790;128;1.03;2013.0
as-73521.05;as-735;7716;6474;27790;2;1.05;361.0
as-73541.05;as-735;7716;6474;27790;4;1.05;446.0
as-73581.05;as-735;7716;6474;27790;8;1.05;740.0
as-735161.05;as-735;7716;6474;27790;16;1.05;1224.0
as-735321.05;as-735;7716;6474;27790;32;1.05;1538.0
as-735641.05;as-735;7716;6474;27790;64;1.05;1767.0
as-7351281.05;as-735;7716;6474;27790;128;1.05;1982.0
as-73521.1;as-735;7716;6474;27790;2;1.1;359.0
as-73541.1;as-735;7716;6474;27790;4;1.1;445.0
as-73581.1;as-735;7716;6474;27790;8;1.1;703.0
as-735161.1;as-735;7716;6474;27790;16;1.1;1178.0
as-735321.1;as-735;7716;6474;27790;32;1.1;1525.0
as-735641.1;as-735;7716;6474;27790;64;1.1;1752.0
as-7351281.1;as-735;7716;6474;27790;128;1.1;2023.0
as-caida21.03;as-caida;31379;26475;106762;2;1.03;390.0
as-caida41.03;as-caida;31379;26475;106762;4;1.03;1047.0
as-caida81.03;as-caida;31379;26475;106762;8;1.03;1969.0
as-caida161.03;as-caida;31379;26475;106762;16;1.03;3056.0
as-caida321.03;as-caida;31379;26475;106762;32;1.03;4072.0
as-caida641.03;as-caida;31379;26475;106762;64;1.03;4858.0
as-caida1281.03;as-caida;31379;26475;106762;128;1.03;6369.0
as-caida21.05;as-caida;31379;26475;106762;2;1.05;387.0
as-caida41.05;as-caida;31379;26475;106762;4;1.05;992.0
as-caida81.05;as-caida;31379;26475;106762;8;1.05;1839.0
as-caida161.05;as-caida;31379;26475;106762;16;1.05;3035.0
as-caida321.05;as-caida;31379;26475;106762;32;1.05;4084.0
as-caida641.05;as-caida;31379;26475;106762;64;1.05;4946.0
as-caida1281.05;as-caida;31379;26475;106762;128;1.05;5798.0
as-caida21.1;as-caida;31379;26475;106762;2;1.1;336.0
as-caida41.1;as-caida;31379;26475;106762;4;1.1;1001.0
as-caida81.1;as-caida;31379;26475;106762;8;1.1;1782.0
as-caida161.1;as-caida;31379;26475;106762;16;1.1;2889.0
as-caida321.1;as-caida;31379;26475;106762;32;1.1;4069.0
as-caida641.1;as-caida;31379;26475;106762;64;1.1;4791.0
as-caida1281.1;as-caida;31379;26475;106762;128;1.1;6408.0
ca-AstroPh21.03;ca-AstroPh;18772;18772;396220;2;1.03;6584.0
ca-AstroPh41.03;ca-AstroPh;18772;18772;396220;4;1.03;8750.0
ca-AstroPh81.03;ca-AstroPh;18772;18772;396220;8;1.03;9486.0
ca-AstroPh161.03;ca-AstroPh;18772;18772;396220;16;1.03;10023.0
ca-AstroPh321.03;ca-AstroPh;18772;18772;396220;32;1.03;10379.0
ca-AstroPh641.03;ca-AstroPh;18772;18772;396220;64;1.03;10601.0
ca-AstroPh1281.03;ca-AstroPh;18772;18772;396220;128;1.03;11035.0
ca-AstroPh21.05;ca-AstroPh;18772;18772;396220;2;1.05;6496.0
ca-AstroPh41.05;ca-AstroPh;18772;18772;396220;4;1.05;8316.0
ca-AstroPh81.05;ca-AstroPh;18772;18772;396220;8;1.05;9482.0
ca-AstroPh161.05;ca-AstroPh;18772;18772;396220;16;1.05;10001.0
ca-AstroPh321.05;ca-AstroPh;18772;18772;396220;32;1.05;10340.0
ca-AstroPh641.05;ca-AstroPh;18772;18772;396220;64;1.05;10620.0
ca-AstroPh1281.05;ca-AstroPh;18772;18772;396220;128;1.05;11015.0
ca-AstroPh21.1;ca-AstroPh;18772;18772;396220;2;1.1;6152.0
ca-AstroPh41.1;ca-AstroPh;18772;18772;396220;4;1.1;8597.0
ca-AstroPh81.1;ca-AstroPh;18772;18772;396220;8;1.1;9384.0
ca-AstroPh161.1;ca-AstroPh;18772;18772;396220;16;1.1;10039.0
ca-AstroPh321.1;ca-AstroPh;18772;18772;396220;32;1.1;10280.0
ca-AstroPh641.1;ca-AstroPh;18772;18772;396220;64;1.1;10642.0
ca-AstroPh1281.1;ca-AstroPh;18772;18772;396220;128;1.1;11013.0
