Graph name;|V|;|E|;|pins|;Number of parts;Imbalance;alg_dist;zoltan;patoh;hmetis
Oregon-1;11492;11174;46818;128;1.03;3125.0;3066.0;3152.0;3069.0
Oregon-1;11492;11174;46818;128;1.05;2782.0;2783.0;3160.0;3066.0
Oregon-1;11492;11174;46818;128;1.1;2736.0;2743.0;3149.0;3033.0
Oregon-1;11492;11174;46818;16;1.03;1426.0;1455.0;1707.0;1742.0
Oregon-1;11492;11174;46818;16;1.05;1435.0;1444.0;1675.0;1691.0
Oregon-1;11492;11174;46818;16;1.1;1375.0;1425.0;1685.0;1682.0
Oregon-1;11492;11174;46818;2;1.03;340.0;356.0;726.0;209.0
Oregon-1;11492;11174;46818;2;1.05;336.0;354.0;710.0;203.0
Oregon-1;11492;11174;46818;2;1.1;266.0;306.0;714.0;179.0
Oregon-1;11492;11174;46818;32;1.03;1949.0;1979.0;2162.0;2138.0
Oregon-1;11492;11174;46818;32;1.05;1936.0;1950.0;2183.0;2155.0
Oregon-1;11492;11174;46818;32;1.1;1898.0;1905.0;2131.0;2154.0
Oregon-1;11492;11174;46818;4;1.03;752.0;654.0;1167.0;905.0
Oregon-1;11492;11174;46818;4;1.05;677.0;599.0;1159.0;881.0
Oregon-1;11492;11174;46818;4;1.1;605.0;630.0;1145.0;864.0
Oregon-1;11492;11174;46818;64;1.03;2811.0;2885.0;2651.0;2614.0
Oregon-1;11492;11174;46818;64;1.05;2341.0;2378.0;2616.0;2598.0
Oregon-1;11492;11174;46818;64;1.1;2293.0;2320.0;2630.0;2589.0
Oregon-1;11492;11174;46818;8;1.03;1066.0;1107.0;1431.0;1255.0
Oregon-1;11492;11174;46818;8;1.05;1036.0;1106.0;1281.0;1233.0
Oregon-1;11492;11174;46818;8;1.1;1026.0;1049.0;1336.0;1184.0
Oregon-2;11806;11461;65460;128;1.03;3640.0;3608.0;3756.0;3618.0
Oregon-2;11806;11461;65460;128;1.05;3303.0;3489.0;3729.0;3588.0
Oregon-2;11806;11461;65460;128;1.1;3607.0;3612.0;3680.0;3572.0
Oregon-2;11806;11461;65460;16;1.03;1765.0;1800.0;2112.0;2186.0
Oregon-2;11806;11461;65460;16;1.05;1768.0;1803.0;2230.0;2179.0
Oregon-2;11806;11461;65460;16;1.1;1720.0;1749.0;2163.0;2146.0
Oregon-2;11806;11461;65460;2;1.03;573.0;567.0;810.0;338.0
Oregon-2;11806;11461;65460;2;1.05;445.0;559.0;808.0;295.0
Oregon-2;11806;11461;65460;2;1.1;382.0;442.0;801.0;245.0
Oregon-2;11806;11461;65460;32;1.03;2330.0;2380.0;2752.0;2640.0
Oregon-2;11806;11461;65460;32;1.05;2354.0;2325.0;2677.0;2614.0
Oregon-2;11806;11461;65460;32;1.1;2329.0;2347.0;2683.0;2571.0
Oregon-2;11806;11461;65460;4;1.03;859.0;884.0;1306.0;1029.0
Oregon-2;11806;11461;65460;4;1.05;844.0;874.0;1376.0;1032.0
Oregon-2;11806;11461;65460;4;1.1;834.0;878.0;1325.0;985.0
Oregon-2;11806;11461;65460;64;1.03;2800.0;2860.0;3277.0;3115.0
Oregon-2;11806;11461;65460;64;1.05;2805.0;2725.0;3169.0;3090.0
Oregon-2;11806;11461;65460;64;1.1;2786.0;3186.0;3116.0;3053.0
Oregon-2;11806;11461;65460;8;1.03;1265.0;1297.0;1910.0;1534.0
Oregon-2;11806;11461;65460;8;1.05;1267.0;1308.0;1726.0;1502.0
Oregon-2;11806;11461;65460;8;1.1;1227.0;1310.0;1726.0;1477.0
amazon0302;262111;257570;1234877;128;1.03;60075.0;60973.0;67269.0;57574.0
amazon0302;262111;257570;1234877;128;1.05;59625.0;60693.0;66369.0;57565.0
amazon0302;262111;257570;1234877;128;1.1;59217.0;60174.0;66324.0;56773.0
amazon0302;262111;257570;1234877;16;1.03;35777.0;35944.0;38665.0;34651.0
amazon0302;262111;257570;1234877;16;1.05;35684.0;35568.0;39638.0;34241.0
amazon0302;262111;257570;1234877;16;1.1;34708.0;35114.0;38332.0;34009.0
amazon0302;262111;257570;1234877;2;1.03;9640.0;9570.0;9850.0;9509.0
amazon0302;262111;257570;1234877;2;1.05;9374.0;9261.0;9168.0;9298.0
amazon0302;262111;257570;1234877;2;1.1;8569.0;8618.0;8522.0;9013.0
amazon0302;262111;257570;1234877;32;1.03;43853.0;44514.0;48840.0;42129.0
amazon0302;262111;257570;1234877;32;1.05;43585.0;44133.0;48327.0;41670.0
amazon0302;262111;257570;1234877;32;1.1;43067.0;43834.0;47409.0;41615.0
amazon0302;262111;257570;1234877;4;1.03;19047.0;19286.0;20254.0;18301.0
amazon0302;262111;257570;1234877;4;1.05;18714.0;19215.0;20142.0;18248.0
amazon0302;262111;257570;1234877;4;1.1;18674.0;18650.0;19541.0;18166.0
amazon0302;262111;257570;1234877;64;1.03;51799.0;52440.0;57853.0;49829.0
amazon0302;262111;257570;1234877;64;1.05;51659.0;52471.0;57570.0;49494.0
amazon0302;262111;257570;1234877;64;1.1;51015.0;51719.0;56936.0;49344.0
amazon0302;262111;257570;1234877;8;1.03;27983.0;28515.0;30383.0;27036.0
amazon0302;262111;257570;1234877;8;1.05;28121.0;27956.0;30630.0;26843.0
amazon0302;262111;257570;1234877;8;1.1;27029.0;27285.0;29769.0;26352.0
amazon0312;400727;388374;3200440;128;1.03;145157.0;145286.0;162134.0;142875.0
amazon0312;400727;388374;3200440;128;1.05;144664.0;145606.0;161025.0;142493.0
amazon0312;400727;388374;3200440;128;1.1;143497.0;144601.0;160076.0;141421.0
amazon0312;400727;388374;3200440;16;1.03;91819.0;92247.0;103690.0;90614.0
amazon0312;400727;388374;3200440;16;1.05;90943.0;91416.0;102222.0;89338.0
amazon0312;400727;388374;3200440;16;1.1;89768.0;90167.0;99917.0;87985.0
amazon0312;400727;388374;3200440;2;1.03;28211.0;28002.0;33233.0;28821.0
amazon0312;400727;388374;3200440;2;1.05;27484.0;27173.0;32415.0;28111.0
amazon0312;400727;388374;3200440;2;1.1;25287.0;25238.0;27520.0;26616.0
amazon0312;400727;388374;3200440;32;1.03;110659.0;111063.0;121953.0;108166.0
amazon0312;400727;388374;3200440;32;1.05;110302.0;110940.0;122788.0;108028.0
amazon0312;400727;388374;3200440;32;1.1;108937.0;109321.0;122840.0;106913.0
amazon0312;400727;388374;3200440;4;1.03;54329.0;54752.0;60262.0;53178.0
amazon0312;400727;388374;3200440;4;1.05;53862.0;53573.0;58306.0;52818.0
amazon0312;400727;388374;3200440;4;1.1;50454.0;51734.0;59068.0;51479.0
amazon0312;400727;388374;3200440;64;1.03;127416.0;128679.0;141541.0;125040.0
amazon0312;400727;388374;3200440;64;1.05;126740.0;128299.0;142835.0;124077.0
amazon0312;400727;388374;3200440;64;1.1;126327.0;126597.0;140653.0;123729.0
amazon0312;400727;388374;3200440;8;1.03;73285.0;73239.0;86232.0;72882.0
amazon0312;400727;388374;3200440;8;1.05;73535.0;74789.0;79060.0;72439.0
amazon0312;400727;388374;3200440;8;1.1;71690.0;71736.0;78614.0;71082.0
amazon0505;410236;396803;3356824;128;1.03;150199.0;150521.0;168617.0;147142.0
amazon0505;410236;396803;3356824;128;1.05;149638.0;150914.0;167719.0;147066.0
amazon0505;410236;396803;3356824;128;1.1;148709.0;150000.0;165793.0;146194.0
amazon0505;410236;396803;3356824;16;1.03;94524.0;95160.0;104414.0;92784.0
amazon0505;410236;396803;3356824;16;1.05;93790.0;93208.0;105490.0;92297.0
amazon0505;410236;396803;3356824;16;1.1;91591.0;92583.0;102970.0;91634.0
amazon0505;410236;396803;3356824;2;1.03;28381.0;28064.0;30428.0;28372.0
amazon0505;410236;396803;3356824;2;1.05;27357.0;27307.0;27562.0;28109.0
amazon0505;410236;396803;3356824;2;1.1;25626.0;25603.0;25918.0;26152.0
amazon0505;410236;396803;3356824;32;1.03;114647.0;114906.0;129059.0;111908.0
amazon0505;410236;396803;3356824;32;1.05;114102.0;114405.0;127177.0;111697.0
amazon0505;410236;396803;3356824;32;1.1;112469.0;113188.0;126201.0;110192.0
amazon0505;410236;396803;3356824;4;1.03;55269.0;55572.0;56744.0;54267.0
amazon0505;410236;396803;3356824;4;1.05;54646.0;54400.0;59238.0;53429.0
amazon0505;410236;396803;3356824;4;1.1;53421.0;52102.0;56436.0;51880.0
amazon0505;410236;396803;3356824;64;1.03;132617.0;133046.0;148607.0;129291.0
amazon0505;410236;396803;3356824;64;1.05;132079.0;132788.0;145966.0;128847.0
amazon0505;410236;396803;3356824;64;1.1;130840.0;131781.0;146232.0;128290.0
amazon0505;410236;396803;3356824;8;1.03;76220.0;76979.0;84193.0;74725.0
amazon0505;410236;396803;3356824;8;1.05;74921.0;75377.0;80024.0;73496.0
amazon0505;410236;396803;3356824;8;1.1;73219.0;73274.0;79943.0;72811.0
amazon0601;403394;402439;3387388;128;1.03;151186.0;152079.0;170104.0;149689.0
amazon0601;403394;402439;3387388;128;1.05;151247.0;151421.0;168918.0;148519.0
amazon0601;403394;402439;3387388;128;1.1;150025.0;151347.0;169121.0;147926.0
amazon0601;403394;402439;3387388;16;1.03;94934.0;96117.0;107209.0;94599.0
amazon0601;403394;402439;3387388;16;1.05;95054.0;94749.0;106533.0;92456.0
amazon0601;403394;402439;3387388;16;1.1;92879.0;93395.0;104007.0;92663.0
amazon0601;403394;402439;3387388;2;1.03;28199.0;28247.0;27993.0;28791.0
amazon0601;403394;402439;3387388;2;1.05;27439.0;27326.0;27189.0;28170.0
amazon0601;403394;402439;3387388;2;1.1;25637.0;25649.0;25755.0;26039.0
amazon0601;403394;402439;3387388;32;1.03;115846.0;116914.0;131773.0;113549.0
amazon0601;403394;402439;3387388;32;1.05;114333.0;115504.0;128912.0;112353.0
amazon0601;403394;402439;3387388;32;1.1;113981.0;114589.0;128585.0;111466.0
amazon0601;403394;402439;3387388;4;1.03;55472.0;55715.0;62367.0;54853.0
amazon0601;403394;402439;3387388;4;1.05;54695.0;54856.0;56549.0;54085.0
amazon0601;403394;402439;3387388;4;1.1;53320.0;53583.0;55237.0;52764.0
amazon0601;403394;402439;3387388;64;1.03;134085.0;133887.0;149230.0;130773.0
amazon0601;403394;402439;3387388;64;1.05;133225.0;133867.0;148313.0;129948.0
amazon0601;403394;402439;3387388;64;1.1;131904.0;132542.0;147333.0;129708.0
amazon0601;403394;402439;3387388;8;1.03;75805.0;76556.0;87095.0;74929.0
amazon0601;403394;402439;3387388;8;1.05;75464.0;75626.0;80356.0;74138.0
amazon0601;403394;402439;3387388;8;1.1;73751.0;73375.0;80699.0;74235.0
as-735;7716;6474;27790;128;1.03;2002.0;2013.0;2215.0;2250.0
as-735;7716;6474;27790;128;1.05;2012.0;1982.0;2204.0;2212.0
as-735;7716;6474;27790;128;1.1;2000.0;2023.0;2263.0;2211.0
as-735;7716;6474;27790;16;1.03;1209.0;1234.0;1370.0;1482.0
as-735;7716;6474;27790;16;1.05;1204.0;1224.0;1390.0;1463.0
as-735;7716;6474;27790;16;1.1;1177.0;1178.0;1356.0;1437.0
as-735;7716;6474;27790;2;1.03;339.0;349.0;369.0;328.0
as-735;7716;6474;27790;2;1.05;342.0;361.0;386.0;328.0
as-735;7716;6474;27790;2;1.1;337.0;359.0;355.0;318.0
as-735;7716;6474;27790;32;1.03;1548.0;1556.0;1703.0;1713.0
as-735;7716;6474;27790;32;1.05;1546.0;1538.0;1685.0;1712.0
as-735;7716;6474;27790;32;1.1;1517.0;1525.0;1666.0;1703.0
as-735;7716;6474;27790;4;1.03;457.0;479.0;683.0;562.0
as-735;7716;6474;27790;4;1.05;445.0;446.0;701.0;553.0
as-735;7716;6474;27790;4;1.1;429.0;445.0;648.0;540.0
as-735;7716;6474;27790;64;1.03;1749.0;1757.0;1958.0;1954.0
as-735;7716;6474;27790;64;1.05;1758.0;1767.0;1931.0;1947.0
as-735;7716;6474;27790;64;1.1;1738.0;1752.0;1948.0;1927.0
as-735;7716;6474;27790;8;1.03;747.0;752.0;1028.0;1010.0
as-735;7716;6474;27790;8;1.05;738.0;740.0;891.0;983.0
as-735;7716;6474;27790;8;1.1;704.0;703.0;918.0;974.0
as-caida;31379;26475;106762;128;1.03;5745.0;6369.0;7008.0;6549.0
as-caida;31379;26475;106762;128;1.05;5717.0;5798.0;6820.0;6542.0
as-caida;31379;26475;106762;128;1.1;5672.0;6408.0;6926.0;6513.0
as-caida;31379;26475;106762;16;1.03;3337.0;3056.0;3890.0;4114.0
as-caida;31379;26475;106762;16;1.05;2961.0;3035.0;3474.0;4097.0
as-caida;31379;26475;106762;16;1.1;3312.0;2889.0;3383.0;4047.0
as-caida;31379;26475;106762;2;1.03;355.0;390.0;732.0;318.0
as-caida;31379;26475;106762;2;1.05;313.0;387.0;665.0;306.0
as-caida;31379;26475;106762;2;1.1;254.0;336.0;597.0;268.0
as-caida;31379;26475;106762;32;1.03;4046.0;4072.0;4415.0;4979.0
as-caida;31379;26475;106762;32;1.05;4024.0;4084.0;4633.0;4941.0
as-caida;31379;26475;106762;32;1.1;3940.0;4069.0;4584.0;4832.0
as-caida;31379;26475;106762;4;1.03;975.0;1047.0;1940.0;1992.0
as-caida;31379;26475;106762;4;1.05;984.0;992.0;1960.0;1911.0
as-caida;31379;26475;106762;4;1.1;929.0;1001.0;1850.0;1921.0
as-caida;31379;26475;106762;64;1.03;4830.0;4858.0;5316.0;5801.0
as-caida;31379;26475;106762;64;1.05;6185.0;4946.0;5313.0;5808.0
as-caida;31379;26475;106762;64;1.1;4718.0;4791.0;5284.0;5721.0
as-caida;31379;26475;106762;8;1.03;1967.0;1969.0;2529.0;3285.0
as-caida;31379;26475;106762;8;1.05;1925.0;1839.0;2657.0;3292.0
as-caida;31379;26475;106762;8;1.1;1911.0;1782.0;3396.0;3223.0
ca-AstroPh;18772;18772;396220;128;1.03;10893.0;11035.0;13598.0;11993.0
ca-AstroPh;18772;18772;396220;128;1.05;10924.0;11015.0;13630.0;11923.0
ca-AstroPh;18772;18772;396220;128;1.1;10846.0;11013.0;13503.0;11802.0
ca-AstroPh;18772;18772;396220;16;1.03;9855.0;10023.0;12032.0;10222.0
ca-AstroPh;18772;18772;396220;16;1.05;9869.0;10001.0;11837.0;10183.0
ca-AstroPh;18772;18772;396220;16;1.1;9875.0;10039.0;11969.0;10116.0
ca-AstroPh;18772;18772;396220;2;1.03;6622.0;6584.0;6805.0;6889.0
ca-AstroPh;18772;18772;396220;2;1.05;6543.0;6496.0;6741.0;6914.0
ca-AstroPh;18772;18772;396220;2;1.1;6172.0;6152.0;7040.0;6805.0
ca-AstroPh;18772;18772;396220;32;1.03;10175.0;10379.0;12778.0;10820.0
ca-AstroPh;18772;18772;396220;32;1.05;10238.0;10340.0;12722.0;10870.0
ca-AstroPh;18772;18772;396220;32;1.1;10223.0;10280.0;12617.0;10816.0
ca-AstroPh;18772;18772;396220;4;1.03;8605.0;8750.0;9822.0;8702.0
ca-AstroPh;18772;18772;396220;4;1.05;8596.0;8316.0;9698.0;8604.0
ca-AstroPh;18772;18772;396220;4;1.1;8556.0;8597.0;9609.0;8652.0
ca-AstroPh;18772;18772;396220;64;1.03;10481.0;10601.0;13105.0;11607.0
ca-AstroPh;18772;18772;396220;64;1.05;10445.0;10620.0;13240.0;11510.0
ca-AstroPh;18772;18772;396220;64;1.1;10466.0;10642.0;13092.0;11503.0
ca-AstroPh;18772;18772;396220;8;1.03;9411.0;9486.0;11140.0;9588.0
ca-AstroPh;18772;18772;396220;8;1.05;9350.0;9482.0;11061.0;9547.0
ca-AstroPh;18772;18772;396220;8;1.1;9360.0;9384.0;10912.0;9508.0
ca-CondMat;23133;23133;186994;128;1.03;9248.0;9375.0;11379.0;9837.0
ca-CondMat;23133;23133;186994;128;1.05;9238.0;9431.0;11224.0;9825.0
ca-CondMat;23133;23133;186994;128;1.1;9248.0;9433.0;11289.0;9774.0
ca-CondMat;23133;23133;186994;16;1.03;8057.0;8198.0;9498.0;8089.0
ca-CondMat;23133;23133;186994;16;1.05;8078.0;8223.0;9479.0;8062.0
ca-CondMat;23133;23133;186994;16;1.1;8059.0;8191.0;9385.0;8064.0
ca-CondMat;23133;23133;186994;2;1.03;4179.0;4160.0;4142.0;4436.0
ca-CondMat;23133;23133;186994;2;1.05;4113.0;4120.0;4100.0;4399.0
ca-CondMat;23133;23133;186994;2;1.1;3958.0;3927.0;3893.0;4247.0
ca-CondMat;23133;23133;186994;32;1.03;8433.0;8591.0;10194.0;8758.0
ca-CondMat;23133;23133;186994;32;1.05;8418.0;8616.0;10159.0;8749.0
ca-CondMat;23133;23133;186994;32;1.1;8444.0;8650.0;10200.0;8726.0
ca-CondMat;23133;23133;186994;4;1.03;6381.0;6449.0;7003.0;6428.0
ca-CondMat;23133;23133;186994;4;1.05;6412.0;6398.0;7058.0;6381.0
ca-CondMat;23133;23133;186994;4;1.1;6225.0;6264.0;6933.0;6415.0
ca-CondMat;23133;23133;186994;64;1.03;8769.0;8895.0;10826.0;9328.0
ca-CondMat;23133;23133;186994;64;1.05;8765.0;8957.0;10731.0;9303.0
ca-CondMat;23133;23133;186994;64;1.1;8788.0;8974.0;10751.0;9299.0
ca-CondMat;23133;23133;186994;8;1.03;7482.0;7667.0;8506.0;7353.0
ca-CondMat;23133;23133;186994;8;1.05;7522.0;7665.0;8594.0;7391.0
ca-CondMat;23133;23133;186994;8;1.1;7487.0;7599.0;8573.0;7363.0
ca-GrQc;5242;5242;28992;128;1.03;1345.0;1369.0;1631.0;1482.0
ca-GrQc;5242;5242;28992;128;1.05;1349.0;1347.0;1599.0;1454.0
ca-GrQc;5242;5242;28992;128;1.1;1332.0;1334.0;1616.0;1408.0
ca-GrQc;5242;5242;28992;16;1.03;892.0;916.0;1049.0;963.0
ca-GrQc;5242;5242;28992;16;1.05;909.0;912.0;1071.0;980.0
ca-GrQc;5242;5242;28992;16;1.1;874.0;919.0;1051.0;971.0
ca-GrQc;5242;5242;28992;2;1.03;433.0;434.0;429.0;467.0
ca-GrQc;5242;5242;28992;2;1.05;421.0;420.0;415.0;463.0
ca-GrQc;5242;5242;28992;2;1.1;399.0;385.0;412.0;461.0
ca-GrQc;5242;5242;28992;32;1.03;1018.0;1034.0;1205.0;1107.0
ca-GrQc;5242;5242;28992;32;1.05;1006.0;1032.0;1235.0;1090.0
ca-GrQc;5242;5242;28992;32;1.1;997.0;1029.0;1192.0;1092.0
ca-GrQc;5242;5242;28992;4;1.03;610.0;637.0;676.0;674.0
ca-GrQc;5242;5242;28992;4;1.05;615.0;641.0;649.0;678.0
ca-GrQc;5242;5242;28992;4;1.1;611.0;638.0;643.0;674.0
ca-GrQc;5242;5242;28992;64;1.03;1132.0;1150.0;1384.0;1243.0
ca-GrQc;5242;5242;28992;64;1.05;1115.0;1156.0;1385.0;1225.0
ca-GrQc;5242;5242;28992;64;1.1;1127.0;1153.0;1379.0;1210.0
ca-GrQc;5242;5242;28992;8;1.03;772.0;793.0;901.0;855.0
ca-GrQc;5242;5242;28992;8;1.05;782.0;809.0;904.0;860.0
ca-GrQc;5242;5242;28992;8;1.1;770.0;781.0;875.0;853.0
ca-HepPh;12008;12008;237042;128;1.03;5482.0;5568.0;6863.0;5884.0
ca-HepPh;12008;12008;237042;128;1.05;5513.0;5629.0;6894.0;5872.0
ca-HepPh;12008;12008;237042;128;1.1;5500.0;5587.0;6820.0;5780.0
ca-HepPh;12008;12008;237042;16;1.03;4684.0;4851.0;5695.0;4836.0
ca-HepPh;12008;12008;237042;16;1.05;4678.0;4824.0;5626.0;4780.0
ca-HepPh;12008;12008;237042;16;1.1;4688.0;4878.0;5554.0;4793.0
ca-HepPh;12008;12008;237042;2;1.03;2687.0;2729.0;2698.0;3055.0
ca-HepPh;12008;12008;237042;2;1.05;2671.0;2690.0;2708.0;3076.0
ca-HepPh;12008;12008;237042;2;1.1;2545.0;2539.0;2574.0;2962.0
ca-HepPh;12008;12008;237042;32;1.03;4945.0;5071.0;6081.0;5161.0
ca-HepPh;12008;12008;237042;32;1.05;4940.0;5073.0;6070.0;5225.0
ca-HepPh;12008;12008;237042;32;1.1;4822.0;5042.0;6043.0;5185.0
ca-HepPh;12008;12008;237042;4;1.03;3770.0;3762.0;4252.0;3875.0
ca-HepPh;12008;12008;237042;4;1.05;3727.0;3842.0;4267.0;3843.0
ca-HepPh;12008;12008;237042;4;1.1;3721.0;3762.0;4202.0;3848.0
ca-HepPh;12008;12008;237042;64;1.03;5150.0;5231.0;6538.0;5596.0
ca-HepPh;12008;12008;237042;64;1.05;5153.0;5289.0;6465.0;5524.0
ca-HepPh;12008;12008;237042;64;1.1;5140.0;5236.0;6477.0;5523.0
ca-HepPh;12008;12008;237042;8;1.03;4392.0;4585.0;5051.0;4366.0
ca-HepPh;12008;12008;237042;8;1.05;4348.0;4527.0;5055.0;4445.0
ca-HepPh;12008;12008;237042;8;1.1;4367.0;4506.0;5079.0;4392.0
ca-HepTh;9877;9877;51996;128;1.03;3256.0;3313.0;3845.0;3319.0
ca-HepTh;9877;9877;51996;128;1.05;3257.0;3321.0;3809.0;3276.0
ca-HepTh;9877;9877;51996;128;1.1;3262.0;3305.0;3784.0;3261.0
ca-HepTh;9877;9877;51996;16;1.03;2630.0;2637.0;3056.0;2682.0
ca-HepTh;9877;9877;51996;16;1.05;2619.0;2626.0;3046.0;2673.0
ca-HepTh;9877;9877;51996;16;1.1;2602.0;2627.0;2988.0;2657.0
ca-HepTh;9877;9877;51996;2;1.03;1380.0;1381.0;1361.0;1499.0
ca-HepTh;9877;9877;51996;2;1.05;1349.0;1370.0;1364.0;1478.0
ca-HepTh;9877;9877;51996;2;1.1;1280.0;1289.0;1298.0;1486.0
ca-HepTh;9877;9877;51996;32;1.03;2814.0;2868.0;3321.0;2921.0
ca-HepTh;9877;9877;51996;32;1.05;2795.0;2848.0;3336.0;2921.0
ca-HepTh;9877;9877;51996;32;1.1;2809.0;2868.0;3302.0;2934.0
ca-HepTh;9877;9877;51996;4;1.03;1970.0;2010.0;2139.0;2042.0
ca-HepTh;9877;9877;51996;4;1.05;1998.0;1936.0;2114.0;2041.0
ca-HepTh;9877;9877;51996;4;1.1;1966.0;1959.0;2098.0;2014.0
ca-HepTh;9877;9877;51996;64;1.03;2971.0;3035.0;3653.0;3110.0
ca-HepTh;9877;9877;51996;64;1.05;2991.0;3030.0;3555.0;3110.0
ca-HepTh;9877;9877;51996;64;1.1;2982.0;3036.0;3535.0;3092.0
ca-HepTh;9877;9877;51996;8;1.03;2395.0;2430.0;2681.0;2398.0
ca-HepTh;9877;9877;51996;8;1.05;2413.0;2395.0;2636.0;2407.0
ca-HepTh;9877;9877;51996;8;1.1;2381.0;2422.0;2670.0;2397.0
cit-HepPh;34546;32158;421578;128;1.03;21101.0;21132.0;23603.0;22291.0
cit-HepPh;34546;32158;421578;128;1.05;21057.0;21051.0;23423.0;22236.0
cit-HepPh;34546;32158;421578;128;1.1;20945.0;21083.0;23398.0;22079.0
cit-HepPh;34546;32158;421578;16;1.03;15029.0;15239.0;17237.0;16582.0
cit-HepPh;34546;32158;421578;16;1.05;15004.0;14952.0;17305.0;16544.0
cit-HepPh;34546;32158;421578;16;1.1;14832.0;14830.0;16787.0;16439.0
cit-HepPh;34546;32158;421578;2;1.03;5398.0;5407.0;5503.0;5378.0
cit-HepPh;34546;32158;421578;2;1.05;5392.0;5420.0;5505.0;5383.0
cit-HepPh;34546;32158;421578;2;1.1;5389.0;5405.0;5416.0;5383.0
cit-HepPh;34546;32158;421578;32;1.03;17862.0;17661.0;19848.0;19037.0
cit-HepPh;34546;32158;421578;32;1.05;17620.0;17759.0;20080.0;18986.0
cit-HepPh;34546;32158;421578;32;1.1;17506.0;17604.0;19888.0;18824.0
cit-HepPh;34546;32158;421578;4;1.03;9469.0;8789.0;9941.0;10119.0
cit-HepPh;34546;32158;421578;4;1.05;9437.0;8772.0;9798.0;10013.0
cit-HepPh;34546;32158;421578;4;1.1;9237.0;8858.0;9763.0;10056.0
cit-HepPh;34546;32158;421578;64;1.03;19593.0;19731.0;21982.0;20751.0
cit-HepPh;34546;32158;421578;64;1.05;19521.0;19672.0;21804.0;20662.0
cit-HepPh;34546;32158;421578;64;1.1;19427.0;19499.0;21655.0;20530.0
cit-HepPh;34546;32158;421578;8;1.03;12399.0;12375.0;13933.0;13363.0
cit-HepPh;34546;32158;421578;8;1.05;12270.0;12327.0;13638.0;13432.0
cit-HepPh;34546;32158;421578;8;1.1;12197.0;12047.0;13982.0;13264.0
cit-HepTh;27770;25059;352807;128;1.03;15845.0;15960.0;17398.0;16478.0
cit-HepTh;27770;25059;352807;128;1.05;15843.0;15908.0;17389.0;16398.0
cit-HepTh;27770;25059;352807;128;1.1;15795.0;15852.0;17405.0;16326.0
cit-HepTh;27770;25059;352807;16;1.03;12781.0;12909.0;13965.0;13234.0
cit-HepTh;27770;25059;352807;16;1.05;12799.0;12739.0;13930.0;13211.0
cit-HepTh;27770;25059;352807;16;1.1;12623.0;12750.0;13890.0;13127.0
cit-HepTh;27770;25059;352807;2;1.03;4045.0;4070.0;4018.0;5637.0
cit-HepTh;27770;25059;352807;2;1.05;3974.0;3960.0;3996.0;6142.0
cit-HepTh;27770;25059;352807;2;1.1;3725.0;3743.0;3779.0;5384.0
cit-HepTh;27770;25059;352807;32;1.03;13945.0;14042.0;15371.0;14524.0
cit-HepTh;27770;25059;352807;32;1.05;13814.0;13923.0;15341.0;14512.0
cit-HepTh;27770;25059;352807;32;1.1;13845.0;13860.0;15392.0;14481.0
cit-HepTh;27770;25059;352807;4;1.03;9136.0;8918.0;9509.0;10115.0
cit-HepTh;27770;25059;352807;4;1.05;9015.0;9156.0;9688.0;9848.0
cit-HepTh;27770;25059;352807;4;1.1;8974.0;8833.0;9639.0;9847.0
cit-HepTh;27770;25059;352807;64;1.03;14952.0;15009.0;16522.0;15520.0
cit-HepTh;27770;25059;352807;64;1.05;14928.0;14998.0;16537.0;15496.0
cit-HepTh;27770;25059;352807;64;1.1;14898.0;14926.0;16497.0;15407.0
cit-HepTh;27770;25059;352807;8;1.03;11388.0;11194.0;12724.0;11899.0
cit-HepTh;27770;25059;352807;8;1.05;11091.0;11134.0;12136.0;11860.0
cit-HepTh;27770;25059;352807;8;1.1;11068.0;11159.0;12579.0;11827.0
email-Enron;36692;36692;367662;128;1.03;12162.0;12322.0;16762.0;14355.0
email-Enron;36692;36692;367662;128;1.05;12117.0;12287.0;16565.0;14215.0
email-Enron;36692;36692;367662;128;1.1;12078.0;12272.0;16705.0;13813.0
email-Enron;36692;36692;367662;16;1.03;9353.0;9417.0;11942.0;9722.0
email-Enron;36692;36692;367662;16;1.05;9467.0;9484.0;12321.0;9741.0
email-Enron;36692;36692;367662;16;1.1;9395.0;9463.0;11521.0;9522.0
email-Enron;36692;36692;367662;2;1.03;4354.0;4101.0;5395.0;3563.0
email-Enron;36692;36692;367662;2;1.05;4231.0;3651.0;5310.0;3304.0
email-Enron;36692;36692;367662;2;1.1;3755.0;2967.0;5202.0;3063.0
email-Enron;36692;36692;367662;32;1.03;10421.0;10468.0;13565.0;10749.0
email-Enron;36692;36692;367662;32;1.05;10284.0;10531.0;13458.0;10650.0
email-Enron;36692;36692;367662;32;1.1;10397.0;10370.0;13419.0;10575.0
email-Enron;36692;36692;367662;4;1.03;6834.0;7085.0;7830.0;7063.0
email-Enron;36692;36692;367662;4;1.05;7068.0;6914.0;8016.0;7017.0
email-Enron;36692;36692;367662;4;1.1;6961.0;6795.0;8102.0;6892.0
email-Enron;36692;36692;367662;64;1.03;11114.0;11102.0;15714.0;12111.0
email-Enron;36692;36692;367662;64;1.05;11159.0;11086.0;15363.0;12069.0
email-Enron;36692;36692;367662;64;1.1;11026.0;11227.0;15393.0;11898.0
email-Enron;36692;36692;367662;8;1.03;8534.0;8503.0;10094.0;8569.0
email-Enron;36692;36692;367662;8;1.05;8510.0;8442.0;9985.0;8471.0
email-Enron;36692;36692;367662;8;1.1;8569.0;8671.0;9581.0;8408.0
email-EuAll;265214;225409;420045;128;1.03;1764.0;2181.0;13190.0;13770.0
email-EuAll;265214;225409;420045;128;1.05;2076.0;1813.0;13307.0;13796.0
email-EuAll;265214;225409;420045;128;1.1;1629.0;1682.0;14148.0;13775.0
email-EuAll;265214;225409;420045;16;1.03;368.0;402.0;1915.0;1115.0
email-EuAll;265214;225409;420045;16;1.05;359.0;390.0;7175.0;1060.0
email-EuAll;265214;225409;420045;16;1.1;346.0;360.0;8675.0;1092.0
email-EuAll;265214;225409;420045;2;1.03;-1;10.0;-1;514.0
email-EuAll;265214;225409;420045;2;1.05;-1;-1;-1;515.0
email-EuAll;265214;225409;420045;2;1.1;-1;-1;-1;515.0
email-EuAll;265214;225409;420045;32;1.03;694.0;684.0;3727.0;8484.0
email-EuAll;265214;225409;420045;32;1.05;684.0;698.0;9222.0;8704.0
email-EuAll;265214;225409;420045;32;1.1;670.0;703.0;3449.0;8407.0
email-EuAll;265214;225409;420045;4;1.03;-1;-1;-1;525.0
email-EuAll;265214;225409;420045;4;1.05;-1;1.0;-1;521.0
email-EuAll;265214;225409;420045;4;1.1;1.0;-1;-1;516.0
email-EuAll;265214;225409;420045;64;1.03;815.0;813.0;4524.0;12047.0
email-EuAll;265214;225409;420045;64;1.05;816.0;822.0;12151.0;11923.0
email-EuAll;265214;225409;420045;64;1.1;786.0;793.0;12366.0;11862.0
email-EuAll;265214;225409;420045;8;1.03;361.0;389.0;835.0;616.0
email-EuAll;265214;225409;420045;8;1.05;328.0;381.0;712.0;614.0
email-EuAll;265214;225409;420045;8;1.1;306.0;334.0;750.0;610.0
p2p-Gnutella04;10879;4935;39994;128;1.03;3545.0;3595.0;4015.0;3868.0
p2p-Gnutella04;10879;4935;39994;128;1.05;3539.0;3565.0;4008.0;3863.0
p2p-Gnutella04;10879;4935;39994;128;1.1;3555.0;3577.0;4005.0;3864.0
p2p-Gnutella04;10879;4935;39994;16;1.03;3252.0;3278.0;3814.0;3510.0
p2p-Gnutella04;10879;4935;39994;16;1.05;3253.0;3314.0;3807.0;3504.0
p2p-Gnutella04;10879;4935;39994;16;1.1;3266.0;3295.0;3797.0;3503.0
p2p-Gnutella04;10879;4935;39994;2;1.03;2807.0;2791.0;2769.0;2791.0
p2p-Gnutella04;10879;4935;39994;2;1.05;2759.0;2722.0;2742.0;2805.0
p2p-Gnutella04;10879;4935;39994;2;1.1;2562.0;2460.0;2360.0;2796.0
p2p-Gnutella04;10879;4935;39994;32;1.03;3326.0;3384.0;3868.0;3659.0
p2p-Gnutella04;10879;4935;39994;32;1.05;3322.0;3393.0;3863.0;3660.0
p2p-Gnutella04;10879;4935;39994;32;1.1;3342.0;3391.0;3854.0;3653.0
p2p-Gnutella04;10879;4935;39994;4;1.03;2913.0;2975.0;3503.0;3186.0
p2p-Gnutella04;10879;4935;39994;4;1.05;2931.0;2929.0;3459.0;3179.0
p2p-Gnutella04;10879;4935;39994;4;1.1;2971.0;3048.0;3436.0;3206.0
p2p-Gnutella04;10879;4935;39994;64;1.03;3412.0;3474.0;3961.0;3815.0
p2p-Gnutella04;10879;4935;39994;64;1.05;3426.0;3472.0;3929.0;3812.0
p2p-Gnutella04;10879;4935;39994;64;1.1;3425.0;3460.0;3927.0;3799.0
p2p-Gnutella04;10879;4935;39994;8;1.03;3168.0;3225.0;3728.0;3354.0
p2p-Gnutella04;10879;4935;39994;8;1.05;3174.0;3240.0;3721.0;3369.0
p2p-Gnutella04;10879;4935;39994;8;1.1;3195.0;3278.0;3701.0;3352.0
p2p-Gnutella05;8846;3850;31839;128;1.03;2740.0;2775.0;3171.0;3107.0
p2p-Gnutella05;8846;3850;31839;128;1.05;2739.0;2783.0;3171.0;3105.0
p2p-Gnutella05;8846;3850;31839;128;1.1;2748.0;2782.0;3228.0;3094.0
p2p-Gnutella05;8846;3850;31839;16;1.03;2530.0;2575.0;2996.0;2728.0
p2p-Gnutella05;8846;3850;31839;16;1.05;2530.0;2570.0;3002.0;2729.0
p2p-Gnutella05;8846;3850;31839;16;1.1;2553.0;2602.0;3005.0;2741.0
p2p-Gnutella05;8846;3850;31839;2;1.03;2167.0;2145.0;2189.0;2145.0
p2p-Gnutella05;8846;3850;31839;2;1.05;2103.0;2108.0;2160.0;2186.0
p2p-Gnutella05;8846;3850;31839;2;1.1;1998.0;1983.0;1842.0;2178.0
p2p-Gnutella05;8846;3850;31839;32;1.03;2594.0;2616.0;3036.0;2880.0
p2p-Gnutella05;8846;3850;31839;32;1.05;2592.0;2623.0;3027.0;2878.0
p2p-Gnutella05;8846;3850;31839;32;1.1;2606.0;2636.0;3028.0;2878.0
p2p-Gnutella05;8846;3850;31839;4;1.03;2317.0;2358.0;2812.0;2450.0
p2p-Gnutella05;8846;3850;31839;4;1.05;2322.0;2327.0;2808.0;2452.0
p2p-Gnutella05;8846;3850;31839;4;1.1;2376.0;2388.0;2756.0;2494.0
p2p-Gnutella05;8846;3850;31839;64;1.03;2651.0;2668.0;3065.0;2952.0
p2p-Gnutella05;8846;3850;31839;64;1.05;2646.0;2691.0;3078.0;2945.0
p2p-Gnutella05;8846;3850;31839;64;1.1;2657.0;2695.0;3076.0;2944.0
p2p-Gnutella05;8846;3850;31839;8;1.03;2478.0;2523.0;2937.0;2597.0
p2p-Gnutella05;8846;3850;31839;8;1.05;2478.0;2520.0;2942.0;2636.0
p2p-Gnutella05;8846;3850;31839;8;1.1;2495.0;2556.0;2947.0;2626.0
p2p-Gnutella06;8717;3739;31525;128;1.03;2786.0;2800.0;3160.0;3034.0
p2p-Gnutella06;8717;3739;31525;128;1.05;2788.0;2808.0;3154.0;3027.0
p2p-Gnutella06;8717;3739;31525;128;1.1;2786.0;2771.0;3143.0;3020.0
p2p-Gnutella06;8717;3739;31525;16;1.03;2606.0;2638.0;3014.0;2783.0
p2p-Gnutella06;8717;3739;31525;16;1.05;2612.0;2623.0;3033.0;2783.0
p2p-Gnutella06;8717;3739;31525;16;1.1;2596.0;2616.0;3016.0;2763.0
p2p-Gnutella06;8717;3739;31525;2;1.03;1803.0;1812.0;1866.0;2108.0
p2p-Gnutella06;8717;3739;31525;2;1.05;1752.0;1736.0;1762.0;2113.0
p2p-Gnutella06;8717;3739;31525;2;1.1;1635.0;1630.0;1819.0;2108.0
p2p-Gnutella06;8717;3739;31525;32;1.03;2678.0;2692.0;3072.0;2945.0
p2p-Gnutella06;8717;3739;31525;32;1.05;2679.0;2704.0;3090.0;2932.0
p2p-Gnutella06;8717;3739;31525;32;1.1;2679.0;2713.0;3069.0;2918.0
p2p-Gnutella06;8717;3739;31525;4;1.03;2289.0;2317.0;2716.0;2382.0
p2p-Gnutella06;8717;3739;31525;4;1.05;2294.0;2323.0;2719.0;2362.0
p2p-Gnutella06;8717;3739;31525;4;1.1;2284.0;2286.0;2698.0;2399.0
p2p-Gnutella06;8717;3739;31525;64;1.03;2733.0;2760.0;3116.0;2980.0
p2p-Gnutella06;8717;3739;31525;64;1.05;2737.0;2750.0;3119.0;2979.0
p2p-Gnutella06;8717;3739;31525;64;1.1;2735.0;2714.0;3120.0;2975.0
p2p-Gnutella06;8717;3739;31525;8;1.03;2432.0;2474.0;2922.0;2615.0
p2p-Gnutella06;8717;3739;31525;8;1.05;2452.0;2502.0;2926.0;2633.0
p2p-Gnutella06;8717;3739;31525;8;1.1;2442.0;2454.0;2918.0;2575.0
p2p-Gnutella08;6301;2465;20777;128;1.03;1743.0;1764.0;2015.0;2005.0
p2p-Gnutella08;6301;2465;20777;128;1.05;1733.0;1763.0;2009.0;1997.0
p2p-Gnutella08;6301;2465;20777;128;1.1;1713.0;1738.0;2012.0;1992.0
p2p-Gnutella08;6301;2465;20777;16;1.03;1403.0;1418.0;1732.0;1546.0
p2p-Gnutella08;6301;2465;20777;16;1.05;1398.0;1417.0;1735.0;1545.0
p2p-Gnutella08;6301;2465;20777;16;1.1;1404.0;1427.0;1727.0;1546.0
p2p-Gnutella08;6301;2465;20777;2;1.03;1166.0;1183.0;1181.0;1135.0
p2p-Gnutella08;6301;2465;20777;2;1.05;1157.0;1165.0;1176.0;1150.0
p2p-Gnutella08;6301;2465;20777;2;1.1;1055.0;1064.0;1121.0;1138.0
p2p-Gnutella08;6301;2465;20777;32;1.03;1438.0;1464.0;1760.0;1640.0
p2p-Gnutella08;6301;2465;20777;32;1.05;1438.0;1468.0;1771.0;1642.0
p2p-Gnutella08;6301;2465;20777;32;1.1;1446.0;1465.0;1752.0;1634.0
p2p-Gnutella08;6301;2465;20777;4;1.03;1230.0;1245.0;1599.0;1341.0
p2p-Gnutella08;6301;2465;20777;4;1.05;1253.0;1248.0;1587.0;1327.0
p2p-Gnutella08;6301;2465;20777;4;1.1;1261.0;1315.0;1561.0;1346.0
p2p-Gnutella08;6301;2465;20777;64;1.03;1484.0;1502.0;1807.0;1726.0
p2p-Gnutella08;6301;2465;20777;64;1.05;1479.0;1518.0;1809.0;1713.0
p2p-Gnutella08;6301;2465;20777;64;1.1;1491.0;1512.0;1803.0;1710.0
p2p-Gnutella08;6301;2465;20777;8;1.03;1360.0;1381.0;1691.0;1448.0
p2p-Gnutella08;6301;2465;20777;8;1.05;1362.0;1386.0;1699.0;1435.0
p2p-Gnutella08;6301;2465;20777;8;1.1;1370.0;1387.0;1678.0;1456.0
p2p-Gnutella09;8114;3055;26013;128;1.03;2030.0;2040.0;2407.0;2447.0
p2p-Gnutella09;8114;3055;26013;128;1.05;2020.0;2038.0;2392.0;2427.0
p2p-Gnutella09;8114;3055;26013;128;1.1;2001.0;2018.0;2472.0;2419.0
p2p-Gnutella09;8114;3055;26013;16;1.03;1799.0;1810.0;2207.0;1955.0
p2p-Gnutella09;8114;3055;26013;16;1.05;1797.0;1831.0;2208.0;1974.0
p2p-Gnutella09;8114;3055;26013;16;1.1;1803.0;1822.0;2207.0;1971.0
p2p-Gnutella09;8114;3055;26013;2;1.03;1516.0;1533.0;1527.0;1485.0
p2p-Gnutella09;8114;3055;26013;2;1.05;1484.0;1507.0;1511.0;1476.0
p2p-Gnutella09;8114;3055;26013;2;1.1;1457.0;1438.0;1469.0;1491.0
p2p-Gnutella09;8114;3055;26013;32;1.03;1849.0;1857.0;2229.0;2103.0
p2p-Gnutella09;8114;3055;26013;32;1.05;1855.0;1858.0;2225.0;2096.0
p2p-Gnutella09;8114;3055;26013;32;1.1;1843.0;1867.0;2227.0;2102.0
p2p-Gnutella09;8114;3055;26013;4;1.03;1574.0;1613.0;2048.0;1711.0
p2p-Gnutella09;8114;3055;26013;4;1.05;1630.0;1637.0;2030.0;1748.0
p2p-Gnutella09;8114;3055;26013;4;1.1;1655.0;1637.0;2047.0;1754.0
p2p-Gnutella09;8114;3055;26013;64;1.03;1888.0;1906.0;2244.0;2147.0
p2p-Gnutella09;8114;3055;26013;64;1.05;1872.0;1906.0;2247.0;2146.0
p2p-Gnutella09;8114;3055;26013;64;1.1;1884.0;1917.0;2259.0;2146.0
p2p-Gnutella09;8114;3055;26013;8;1.03;1754.0;1774.0;2164.0;1848.0
p2p-Gnutella09;8114;3055;26013;8;1.05;1757.0;1779.0;2163.0;1865.0
p2p-Gnutella09;8114;3055;26013;8;1.1;1764.0;1793.0;2160.0;1866.0
p2p-Gnutella24;26518;7570;65369;128;1.03;5305.0;5419.0;6583.0;6096.0
p2p-Gnutella24;26518;7570;65369;128;1.05;5330.0;5436.0;6567.0;6093.0
p2p-Gnutella24;26518;7570;65369;128;1.1;5382.0;5498.0;6565.0;6083.0
p2p-Gnutella24;26518;7570;65369;16;1.03;5120.0;5216.0;6433.0;5365.0
p2p-Gnutella24;26518;7570;65369;16;1.05;5190.0;5203.0;6427.0;5406.0
p2p-Gnutella24;26518;7570;65369;16;1.1;5220.0;5318.0;6448.0;5371.0
p2p-Gnutella24;26518;7570;65369;2;1.03;4147.0;4296.0;4284.0;4208.0
p2p-Gnutella24;26518;7570;65369;2;1.05;4116.0;4224.0;4235.0;4202.0
p2p-Gnutella24;26518;7570;65369;2;1.1;3807.0;4057.0;4053.0;4252.0
p2p-Gnutella24;26518;7570;65369;32;1.03;5222.0;5298.0;6507.0;5620.0
p2p-Gnutella24;26518;7570;65369;32;1.05;5212.0;5322.0;6477.0;5612.0
p2p-Gnutella24;26518;7570;65369;32;1.1;5283.0;5370.0;6494.0;5637.0
p2p-Gnutella24;26518;7570;65369;4;1.03;4574.0;4518.0;5888.0;4825.0
p2p-Gnutella24;26518;7570;65369;4;1.05;4649.0;4645.0;5849.0;4923.0
p2p-Gnutella24;26518;7570;65369;4;1.1;4725.0;4788.0;5836.0;4862.0
p2p-Gnutella24;26518;7570;65369;64;1.03;5245.0;5372.0;6526.0;5916.0
p2p-Gnutella24;26518;7570;65369;64;1.05;5297.0;5373.0;6543.0;5909.0
p2p-Gnutella24;26518;7570;65369;64;1.1;5352.0;5461.0;6535.0;5895.0
p2p-Gnutella24;26518;7570;65369;8;1.03;4998.0;5077.0;6290.0;5089.0
p2p-Gnutella24;26518;7570;65369;8;1.05;5015.0;5079.0;6283.0;5198.0
p2p-Gnutella24;26518;7570;65369;8;1.1;5101.0;5212.0;6276.0;5216.0
p2p-Gnutella25;22687;6221;54705;128;1.03;4349.0;4387.0;5430.0;4974.0
p2p-Gnutella25;22687;6221;54705;128;1.05;4343.0;4402.0;5457.0;4959.0
p2p-Gnutella25;22687;6221;54705;128;1.1;4398.0;4436.0;5461.0;4955.0
p2p-Gnutella25;22687;6221;54705;16;1.03;4178.0;4186.0;5326.0;4373.0
p2p-Gnutella25;22687;6221;54705;16;1.05;4169.0;4206.0;5277.0;4384.0
p2p-Gnutella25;22687;6221;54705;16;1.1;4203.0;4263.0;5281.0;4327.0
p2p-Gnutella25;22687;6221;54705;2;1.03;3283.0;3456.0;3404.0;3349.0
p2p-Gnutella25;22687;6221;54705;2;1.05;3202.0;3445.0;3499.0;3351.0
p2p-Gnutella25;22687;6221;54705;2;1.1;3007.0;3241.0;3358.0;3374.0
p2p-Gnutella25;22687;6221;54705;32;1.03;4216.0;4246.0;5386.0;4591.0
p2p-Gnutella25;22687;6221;54705;32;1.05;4233.0;4257.0;5386.0;4583.0
p2p-Gnutella25;22687;6221;54705;32;1.1;4260.0;4339.0;5368.0;4559.0
p2p-Gnutella25;22687;6221;54705;4;1.03;3698.0;3694.0;4760.0;3892.0
p2p-Gnutella25;22687;6221;54705;4;1.05;3747.0;3759.0;4792.0;3926.0
p2p-Gnutella25;22687;6221;54705;4;1.1;3781.0;3787.0;4747.0;3987.0
p2p-Gnutella25;22687;6221;54705;64;1.03;4258.0;4311.0;5428.0;4843.0
p2p-Gnutella25;22687;6221;54705;64;1.05;4276.0;4315.0;5407.0;4875.0
p2p-Gnutella25;22687;6221;54705;64;1.1;4313.0;4374.0;5424.0;4844.0
p2p-Gnutella25;22687;6221;54705;8;1.03;4054.0;4081.0;5145.0;4151.0
p2p-Gnutella25;22687;6221;54705;8;1.05;4098.0;4134.0;5158.0;4202.0
p2p-Gnutella25;22687;6221;54705;8;1.1;4099.0;4168.0;5132.0;4181.0
p2p-Gnutella30;36682;9722;88328;128;1.03;6849.0;6961.0;8578.0;7764.0
p2p-Gnutella30;36682;9722;88328;128;1.05;6863.0;6969.0;8537.0;7800.0
p2p-Gnutella30;36682;9722;88328;128;1.1;6875.0;6969.0;8540.0;7819.0
p2p-Gnutella30;36682;9722;88328;16;1.03;6490.0;6573.0;8293.0;6703.0
p2p-Gnutella30;36682;9722;88328;16;1.05;6499.0;6575.0;8296.0;6792.0
p2p-Gnutella30;36682;9722;88328;16;1.1;6450.0;6578.0;8265.0;6733.0
p2p-Gnutella30;36682;9722;88328;2;1.03;4921.0;5031.0;5112.0;4890.0
p2p-Gnutella30;36682;9722;88328;2;1.05;4881.0;5076.0;5123.0;4894.0
p2p-Gnutella30;36682;9722;88328;2;1.1;4731.0;4950.0;4970.0;4907.0
p2p-Gnutella30;36682;9722;88328;32;1.03;6636.0;6747.0;8417.0;7008.0
p2p-Gnutella30;36682;9722;88328;32;1.05;6651.0;6748.0;8462.0;6982.0
p2p-Gnutella30;36682;9722;88328;32;1.1;6622.0;6768.0;8399.0;6999.0
p2p-Gnutella30;36682;9722;88328;4;1.03;5342.0;5336.0;7247.0;5946.0
p2p-Gnutella30;36682;9722;88328;4;1.05;5288.0;5334.0;7284.0;6122.0
p2p-Gnutella30;36682;9722;88328;4;1.1;5395.0;5254.0;7196.0;6155.0
p2p-Gnutella30;36682;9722;88328;64;1.03;6732.0;6833.0;8504.0;7383.0
p2p-Gnutella30;36682;9722;88328;64;1.05;6738.0;6853.0;8545.0;7379.0
p2p-Gnutella30;36682;9722;88328;64;1.1;6688.0;6805.0;8487.0;7373.0
p2p-Gnutella30;36682;9722;88328;8;1.03;6253.0;6304.0;7981.0;6471.0
p2p-Gnutella30;36682;9722;88328;8;1.05;6233.0;6292.0;8018.0;6509.0
p2p-Gnutella30;36682;9722;88328;8;1.1;6242.0;6297.0;7930.0;6596.0
p2p-Gnutella31;62586;16387;147892;128;1.03;11749.0;11853.0;14509.0;12930.0
p2p-Gnutella31;62586;16387;147892;128;1.05;11772.0;11830.0;14528.0;12979.0
p2p-Gnutella31;62586;16387;147892;128;1.1;11817.0;11916.0;14523.0;12951.0
p2p-Gnutella31;62586;16387;147892;16;1.03;11237.0;11290.0;14103.0;11393.0
p2p-Gnutella31;62586;16387;147892;16;1.05;11235.0;11275.0;14158.0;11385.0
p2p-Gnutella31;62586;16387;147892;16;1.1;11102.0;11321.0;14129.0;11486.0
p2p-Gnutella31;62586;16387;147892;2;1.03;7932.0;8121.0;8672.0;8078.0
p2p-Gnutella31;62586;16387;147892;2;1.05;7778.0;8111.0;8664.0;7961.0
p2p-Gnutella31;62586;16387;147892;2;1.1;7439.0;8005.0;8516.0;8165.0
p2p-Gnutella31;62586;16387;147892;32;1.03;11489.0;11616.0;14295.0;11763.0
p2p-Gnutella31;62586;16387;147892;32;1.05;11486.0;11530.0;14321.0;11742.0
p2p-Gnutella31;62586;16387;147892;32;1.1;11356.0;11621.0;14336.0;11784.0
p2p-Gnutella31;62586;16387;147892;4;1.03;9200.0;8963.0;12508.0;10215.0
p2p-Gnutella31;62586;16387;147892;4;1.05;9147.0;8920.0;12353.0;10319.0
p2p-Gnutella31;62586;16387;147892;4;1.1;9024.0;9163.0;12460.0;10637.0
p2p-Gnutella31;62586;16387;147892;64;1.03;11635.0;11725.0;14434.0;12280.0
p2p-Gnutella31;62586;16387;147892;64;1.05;11630.0;11713.0;14455.0;12262.0
p2p-Gnutella31;62586;16387;147892;64;1.1;11542.0;11724.0;14425.0;12237.0
p2p-Gnutella31;62586;16387;147892;8;1.03;10772.0;10799.0;13632.0;11101.0
p2p-Gnutella31;62586;16387;147892;8;1.05;10762.0;10805.0;13582.0;11211.0
p2p-Gnutella31;62586;16387;147892;8;1.1;10653.0;10781.0;13686.0;11371.0
roadNet-CA;1971281;1965206;5533214;128;1.03;12572.0;13263.0;13068.0;11194.0
roadNet-CA;1971281;1965206;5533214;128;1.05;12161.0;13326.0;12229.0;10937.0
roadNet-CA;1971281;1965206;5533214;128;1.1;11799.0;12515.0;12269.0;10883.0
roadNet-CA;1971281;1965206;5533214;16;1.03;2621.0;2826.0;2814.0;2385.0
roadNet-CA;1971281;1965206;5533214;16;1.05;2500.0;2823.0;2979.0;2350.0
roadNet-CA;1971281;1965206;5533214;16;1.1;2494.0;2812.0;2589.0;2368.0
roadNet-CA;1971281;1965206;5533214;2;1.03;289.0;308.0;266.0;241.0
roadNet-CA;1971281;1965206;5533214;2;1.05;264.0;260.0;266.0;245.0
roadNet-CA;1971281;1965206;5533214;2;1.1;258.0;275.0;266.0;247.0
roadNet-CA;1971281;1965206;5533214;32;1.03;4521.0;5052.0;5202.0;4120.0
roadNet-CA;1971281;1965206;5533214;32;1.05;4534.0;4841.0;5014.0;4061.0
roadNet-CA;1971281;1965206;5533214;32;1.1;4395.0;4685.0;4664.0;4109.0
roadNet-CA;1971281;1965206;5533214;4;1.03;793.0;909.0;1001.0;705.0
roadNet-CA;1971281;1965206;5533214;4;1.05;743.0;850.0;768.0;724.0
roadNet-CA;1971281;1965206;5533214;4;1.1;715.0;806.0;729.0;659.0
roadNet-CA;1971281;1965206;5533214;64;1.03;7298.0;8243.0;8105.0;6848.0
roadNet-CA;1971281;1965206;5533214;64;1.05;7271.0;8075.0;7999.0;6643.0
roadNet-CA;1971281;1965206;5533214;64;1.1;7108.0;7586.0;7526.0;6608.0
roadNet-CA;1971281;1965206;5533214;8;1.03;1510.0;1618.0;1603.0;1306.0
roadNet-CA;1971281;1965206;5533214;8;1.05;1494.0;1535.0;1983.0;1342.0
roadNet-CA;1971281;1965206;5533214;8;1.1;1414.0;1596.0;1548.0;1316.0
roadNet-PA;1090920;1088092;3083796;128;1.03;11979.0;12889.0;12193.0;10807.0
roadNet-PA;1090920;1088092;3083796;128;1.05;11828.0;12652.0;12046.0;10563.0
roadNet-PA;1090920;1088092;3083796;128;1.1;11440.0;12199.0;11925.0;10583.0
roadNet-PA;1090920;1088092;3083796;16;1.03;2850.0;3225.0;3162.0;2601.0
roadNet-PA;1090920;1088092;3083796;16;1.05;2886.0;3152.0;3036.0;2785.0
roadNet-PA;1090920;1088092;3083796;16;1.1;2796.0;3068.0;2990.0;2701.0
roadNet-PA;1090920;1088092;3083796;2;1.03;284.0;296.0;281.0;248.0
roadNet-PA;1090920;1088092;3083796;2;1.05;275.0;297.0;299.0;252.0
roadNet-PA;1090920;1088092;3083796;2;1.1;241.0;264.0;225.0;250.0
roadNet-PA;1090920;1088092;3083796;32;1.03;4815.0;5092.0;5202.0;4452.0
roadNet-PA;1090920;1088092;3083796;32;1.05;4564.0;5094.0;4909.0;4445.0
roadNet-PA;1090920;1088092;3083796;32;1.1;4539.0;4891.0;4997.0;4394.0
roadNet-PA;1090920;1088092;3083796;4;1.03;897.0;991.0;933.0;797.0
roadNet-PA;1090920;1088092;3083796;4;1.05;833.0;957.0;1025.0;826.0
roadNet-PA;1090920;1088092;3083796;4;1.1;879.0;954.0;938.0;846.0
roadNet-PA;1090920;1088092;3083796;64;1.03;7350.0;7937.0;7875.0;6959.0
roadNet-PA;1090920;1088092;3083796;64;1.05;7429.0;7786.0;7599.0;6870.0
roadNet-PA;1090920;1088092;3083796;64;1.1;7142.0;7718.0;7746.0;6849.0
roadNet-PA;1090920;1088092;3083796;8;1.03;1734.0;1985.0;2088.0;1571.0
roadNet-PA;1090920;1088092;3083796;8;1.05;1734.0;1898.0;1926.0;1495.0
roadNet-PA;1090920;1088092;3083796;8;1.1;1685.0;1712.0;1777.0;1567.0
roadNet-TX;1393383;1379917;3843320;128;1.03;10706.0;10958.0;10560.0;9078.0
roadNet-TX;1393383;1379917;3843320;128;1.05;10409.0;10713.0;10295.0;8829.0
roadNet-TX;1393383;1379917;3843320;128;1.1;10169.0;10356.0;9884.0;8784.0
roadNet-TX;1393383;1379917;3843320;16;1.03;1837.0;2099.0;2212.0;1771.0
roadNet-TX;1393383;1379917;3843320;16;1.05;1794.0;2023.0;2094.0;1671.0
roadNet-TX;1393383;1379917;3843320;16;1.1;1684.0;1892.0;1890.0;1741.0
roadNet-TX;1393383;1379917;3843320;2;1.03;117.0;123.0;131.0;107.0
roadNet-TX;1393383;1379917;3843320;2;1.05;124.0;136.0;131.0;110.0
roadNet-TX;1393383;1379917;3843320;2;1.1;129.0;142.0;131.0;102.0
roadNet-TX;1393383;1379917;3843320;32;1.03;3493.0;3551.0;3715.0;3094.0
roadNet-TX;1393383;1379917;3843320;32;1.05;3366.0;3684.0;3689.0;3151.0
roadNet-TX;1393383;1379917;3843320;32;1.1;3162.0;3462.0;3664.0;3080.0
roadNet-TX;1393383;1379917;3843320;4;1.03;323.0;359.0;362.0;309.0
roadNet-TX;1393383;1379917;3843320;4;1.05;320.0;320.0;307.0;310.0
roadNet-TX;1393383;1379917;3843320;4;1.1;290.0;319.0;377.0;305.0
roadNet-TX;1393383;1379917;3843320;64;1.03;5829.0;6375.0;6462.0;5379.0
roadNet-TX;1393383;1379917;3843320;64;1.05;5772.0;6317.0;6090.0;5365.0
roadNet-TX;1393383;1379917;3843320;64;1.1;5388.0;6007.0;5970.0;5356.0
roadNet-TX;1393383;1379917;3843320;8;1.03;953.0;1074.0;971.0;938.0
roadNet-TX;1393383;1379917;3843320;8;1.05;876.0;971.0;1045.0;876.0
roadNet-TX;1393383;1379917;3843320;8;1.1;850.0;947.0;880.0;882.0
soc-Epinions1;75888;60341;508837;128;1.03;19597.0;19963.0;24427.0;20893.0
soc-Epinions1;75888;60341;508837;128;1.05;19505.0;20315.0;24246.0;20704.0
soc-Epinions1;75888;60341;508837;128;1.1;19508.0;20268.0;24379.0;20736.0
soc-Epinions1;75888;60341;508837;16;1.03;17231.0;17856.0;19521.0;18356.0
soc-Epinions1;75888;60341;508837;16;1.05;17227.0;17698.0;19229.0;18375.0
soc-Epinions1;75888;60341;508837;16;1.1;17252.0;17402.0;19097.0;18305.0
soc-Epinions1;75888;60341;508837;2;1.03;1838.0;1829.0;2397.0;11370.0
soc-Epinions1;75888;60341;508837;2;1.05;1570.0;1557.0;2248.0;11027.0
soc-Epinions1;75888;60341;508837;2;1.1;1076.0;978.0;2316.0;10385.0
soc-Epinions1;75888;60341;508837;32;1.03;18587.0;18989.0;21539.0;19171.0
soc-Epinions1;75888;60341;508837;32;1.05;18482.0;18935.0;22050.0;19086.0
soc-Epinions1;75888;60341;508837;32;1.1;18446.0;18999.0;21192.0;19030.0
soc-Epinions1;75888;60341;508837;4;1.03;8740.0;8672.0;8912.0;15661.0
soc-Epinions1;75888;60341;508837;4;1.05;8573.0;8456.0;8855.0;15338.0
soc-Epinions1;75888;60341;508837;4;1.1;8187.0;8138.0;8685.0;15462.0
soc-Epinions1;75888;60341;508837;64;1.03;19135.0;20034.0;23373.0;19960.0
soc-Epinions1;75888;60341;508837;64;1.05;19177.0;20012.0;23141.0;19896.0
soc-Epinions1;75888;60341;508837;64;1.1;19137.0;19901.0;23341.0;19813.0
soc-Epinions1;75888;60341;508837;8;1.03;13911.0;14009.0;15445.0;17491.0
soc-Epinions1;75888;60341;508837;8;1.05;13807.0;13903.0;15195.0;17492.0
soc-Epinions1;75888;60341;508837;8;1.1;13569.0;13528.0;14707.0;17513.0
soc-Slashdot0811;77360;77316;905468;128;1.03;32586.0;33358.0;57800.0;35478.0
soc-Slashdot0811;77360;77316;905468;128;1.05;32537.0;33309.0;57092.0;35591.0
soc-Slashdot0811;77360;77316;905468;128;1.1;32507.0;33228.0;58244.0;35370.0
soc-Slashdot0811;77360;77316;905468;16;1.03;31174.0;31989.0;51916.0;31894.0
soc-Slashdot0811;77360;77316;905468;16;1.05;31115.0;31957.0;52543.0;31812.0
soc-Slashdot0811;77360;77316;905468;16;1.1;31083.0;31796.0;48990.0;31866.0
soc-Slashdot0811;77360;77316;905468;2;1.03;24387.0;25548.0;24810.0;25356.0
soc-Slashdot0811;77360;77316;905468;2;1.05;24282.0;25529.0;24715.0;25476.0
soc-Slashdot0811;77360;77316;905468;2;1.1;23871.0;24898.0;24246.0;25831.0
soc-Slashdot0811;77360;77316;905468;32;1.03;31753.0;32587.0;55311.0;32673.0
soc-Slashdot0811;77360;77316;905468;32;1.05;31710.0;32544.0;55465.0;32613.0
soc-Slashdot0811;77360;77316;905468;32;1.1;31691.0;32405.0;53557.0;32536.0
soc-Slashdot0811;77360;77316;905468;4;1.03;27751.0;28366.0;31014.0;29705.0
soc-Slashdot0811;77360;77316;905468;4;1.05;27626.0;28219.0;30931.0;29936.0
soc-Slashdot0811;77360;77316;905468;4;1.1;27502.0;28087.0;31111.0;30232.0
soc-Slashdot0811;77360;77316;905468;64;1.03;32186.0;33014.0;57588.0;33915.0
soc-Slashdot0811;77360;77316;905468;64;1.05;32185.0;32947.0;55149.0;33891.0
soc-Slashdot0811;77360;77316;905468;64;1.1;32166.0;32801.0;58318.0;33766.0
soc-Slashdot0811;77360;77316;905468;8;1.03;30136.0;31068.0;44733.0;31048.0
soc-Slashdot0811;77360;77316;905468;8;1.05;30109.0;30994.0;44471.0;31074.0
soc-Slashdot0811;77360;77316;905468;8;1.1;29931.0;30806.0;44955.0;30970.0
soc-Slashdot0902;82168;78441;948464;128;1.03;33119.0;33945.0;58525.0;36169.0
soc-Slashdot0902;82168;78441;948464;128;1.05;33105.0;33842.0;58152.0;35999.0
soc-Slashdot0902;82168;78441;948464;128;1.1;33020.0;33796.0;58092.0;35887.0
soc-Slashdot0902;82168;78441;948464;16;1.03;31653.0;32547.0;52965.0;32447.0
soc-Slashdot0902;82168;78441;948464;16;1.05;31602.0;32486.0;48042.0;32355.0
soc-Slashdot0902;82168;78441;948464;16;1.1;31503.0;32284.0;51220.0;32309.0
soc-Slashdot0902;82168;78441;948464;2;1.03;24833.0;25874.0;24871.0;25650.0
soc-Slashdot0902;82168;78441;948464;2;1.05;24668.0;25748.0;24815.0;25999.0
soc-Slashdot0902;82168;78441;948464;2;1.1;24204.0;25282.0;24434.0;26212.0
soc-Slashdot0902;82168;78441;948464;32;1.03;32314.0;33139.0;54146.0;33174.0
soc-Slashdot0902;82168;78441;948464;32;1.05;32226.0;33122.0;55407.0;33180.0
soc-Slashdot0902;82168;78441;948464;32;1.1;32130.0;32970.0;55099.0;33026.0
soc-Slashdot0902;82168;78441;948464;4;1.03;28078.0;28660.0;31460.0;30277.0
soc-Slashdot0902;82168;78441;948464;4;1.05;27986.0;28558.0;31475.0;30533.0
soc-Slashdot0902;82168;78441;948464;4;1.1;27772.0;28397.0;31547.0;30553.0
soc-Slashdot0902;82168;78441;948464;64;1.03;32740.0;33614.0;56629.0;34455.0
soc-Slashdot0902;82168;78441;948464;64;1.05;32709.0;33468.0;57492.0;34343.0
soc-Slashdot0902;82168;78441;948464;64;1.1;32640.0;33417.0;57655.0;34269.0
soc-Slashdot0902;82168;78441;948464;8;1.03;30646.0;31542.0;41190.0;31492.0
soc-Slashdot0902;82168;78441;948464;8;1.05;30595.0;31437.0;44429.0;31830.0
soc-Slashdot0902;82168;78441;948464;8;1.1;30528.0;31310.0;46274.0;31475.0
soc-sign-Slashdot081106;77357;43349;516575;128;1.03;19208.0;19428.0;23649.0;20574.0
soc-sign-Slashdot081106;77357;43349;516575;128;1.05;19156.0;19329.0;23594.0;20576.0
soc-sign-Slashdot081106;77357;43349;516575;128;1.1;19149.0;19490.0;23606.0;20556.0
soc-sign-Slashdot081106;77357;43349;516575;16;1.03;16899.0;17153.0;19287.0;18562.0
soc-sign-Slashdot081106;77357;43349;516575;16;1.05;16823.0;17165.0;19476.0;18566.0
soc-sign-Slashdot081106;77357;43349;516575;16;1.1;16789.0;17153.0;19331.0;18444.0
soc-sign-Slashdot081106;77357;43349;516575;2;1.03;6226.0;6155.0;6060.0;13012.0
soc-sign-Slashdot081106;77357;43349;516575;2;1.05;6540.0;5954.0;5889.0;12889.0
soc-sign-Slashdot081106;77357;43349;516575;2;1.1;5842.0;5864.0;6527.0;12085.0
soc-sign-Slashdot081106;77357;43349;516575;32;1.03;18250.0;18452.0;21247.0;19193.0
soc-sign-Slashdot081106;77357;43349;516575;32;1.05;18178.0;18419.0;21398.0;19209.0
soc-sign-Slashdot081106;77357;43349;516575;32;1.1;18131.0;18385.0;21592.0;19161.0
soc-sign-Slashdot081106;77357;43349;516575;4;1.03;10358.0;10303.0;10916.0;16776.0
soc-sign-Slashdot081106;77357;43349;516575;4;1.05;10155.0;10166.0;10943.0;16750.0
soc-sign-Slashdot081106;77357;43349;516575;4;1.1;9875.0;9897.0;10668.0;16651.0
soc-sign-Slashdot081106;77357;43349;516575;64;1.03;18796.0;19016.0;22759.0;19886.0
soc-sign-Slashdot081106;77357;43349;516575;64;1.05;18779.0;19092.0;22759.0;19911.0
soc-sign-Slashdot081106;77357;43349;516575;64;1.1;18748.0;18954.0;22725.0;19869.0
soc-sign-Slashdot081106;77357;43349;516575;8;1.03;15893.0;15059.0;16387.0;18002.0
soc-sign-Slashdot081106;77357;43349;516575;8;1.05;15829.0;14915.0;16254.0;18018.0
soc-sign-Slashdot081106;77357;43349;516575;8;1.1;15694.0;14695.0;16191.0;17962.0
soc-sign-Slashdot090216;81871;43873;545671;128;1.03;19514.0;19838.0;24060.0;20886.0
soc-sign-Slashdot090216;81871;43873;545671;128;1.05;19540.0;19823.0;24109.0;20873.0
soc-sign-Slashdot090216;81871;43873;545671;128;1.1;19436.0;19826.0;23958.0;20834.0
soc-sign-Slashdot090216;81871;43873;545671;16;1.03;17382.0;17559.0;20070.0;18898.0
soc-sign-Slashdot090216;81871;43873;545671;16;1.05;17274.0;17717.0;20151.0;18859.0
soc-sign-Slashdot090216;81871;43873;545671;16;1.1;17131.0;17440.0;20102.0;18772.0
soc-sign-Slashdot090216;81871;43873;545671;2;1.03;7222.0;6675.0;6881.0;13633.0
soc-sign-Slashdot090216;81871;43873;545671;2;1.05;6697.0;6352.0;6840.0;13282.0
soc-sign-Slashdot090216;81871;43873;545671;2;1.1;6272.0;6309.0;7536.0;12552.0
soc-sign-Slashdot090216;81871;43873;545671;32;1.03;18664.0;18908.0;22150.0;19426.0
soc-sign-Slashdot090216;81871;43873;545671;32;1.05;18578.0;18806.0;22172.0;19380.0
soc-sign-Slashdot090216;81871;43873;545671;32;1.1;18515.0;18791.0;21746.0;19340.0
soc-sign-Slashdot090216;81871;43873;545671;4;1.03;11052.0;10974.0;11991.0;16972.0
soc-sign-Slashdot090216;81871;43873;545671;4;1.05;10849.0;10811.0;12617.0;16993.0
soc-sign-Slashdot090216;81871;43873;545671;4;1.1;10476.0;10495.0;11994.0;16991.0
soc-sign-Slashdot090216;81871;43873;545671;64;1.03;19181.0;19503.0;23395.0;20196.0
soc-sign-Slashdot090216;81871;43873;545671;64;1.05;19153.0;19476.0;23340.0;20124.0
soc-sign-Slashdot090216;81871;43873;545671;64;1.1;19048.0;19436.0;23207.0;20061.0
soc-sign-Slashdot090216;81871;43873;545671;8;1.03;16388.0;15798.0;16496.0;18305.0
soc-sign-Slashdot090216;81871;43873;545671;8;1.05;16246.0;15631.0;16763.0;18354.0
soc-sign-Slashdot090216;81871;43873;545671;8;1.1;16122.0;15491.0;17234.0;18158.0
soc-sign-Slashdot090221;82144;44044;549202;128;1.03;19574.0;19832.0;24134.0;20930.0
soc-sign-Slashdot090221;82144;44044;549202;128;1.05;19550.0;19800.0;24128.0;20946.0
soc-sign-Slashdot090221;82144;44044;549202;128;1.1;19469.0;19843.0;24056.0;20837.0
soc-sign-Slashdot090221;82144;44044;549202;16;1.03;17416.0;17529.0;19919.0;18948.0
soc-sign-Slashdot090221;82144;44044;549202;16;1.05;17301.0;17580.0;19881.0;18830.0
soc-sign-Slashdot090221;82144;44044;549202;16;1.1;17188.0;17557.0;20174.0;18793.0
soc-sign-Slashdot090221;82144;44044;549202;2;1.03;7295.0;6753.0;7787.0;13444.0
soc-sign-Slashdot090221;82144;44044;549202;2;1.05;6601.0;6325.0;6334.0;13392.0
soc-sign-Slashdot090221;82144;44044;549202;2;1.1;5898.0;5701.0;7210.0;12638.0
soc-sign-Slashdot090221;82144;44044;549202;32;1.03;18700.0;18901.0;22336.0;19514.0
soc-sign-Slashdot090221;82144;44044;549202;32;1.05;18618.0;18970.0;22259.0;19480.0
soc-sign-Slashdot090221;82144;44044;549202;32;1.1;18550.0;18840.0;22142.0;19358.0
soc-sign-Slashdot090221;82144;44044;549202;4;1.03;10984.0;10969.0;12034.0;17069.0
soc-sign-Slashdot090221;82144;44044;549202;4;1.05;10875.0;10843.0;12114.0;17039.0
soc-sign-Slashdot090221;82144;44044;549202;4;1.1;10530.0;10487.0;11912.0;17035.0
soc-sign-Slashdot090221;82144;44044;549202;64;1.03;19224.0;19503.0;23218.0;20236.0
soc-sign-Slashdot090221;82144;44044;549202;64;1.05;19196.0;19483.0;23321.0;20135.0
soc-sign-Slashdot090221;82144;44044;549202;64;1.1;19092.0;19485.0;23186.0;20079.0
soc-sign-Slashdot090221;82144;44044;549202;8;1.03;16403.0;15731.0;17091.0;18381.0
soc-sign-Slashdot090221;82144;44044;549202;8;1.05;16243.0;15590.0;17168.0;18396.0
soc-sign-Slashdot090221;82144;44044;549202;8;1.1;16057.0;15429.0;16998.0;18342.0
soc-sign-epinions;131828;95318;841372;128;1.03;26529.0;26385.0;33004.0;28256.0
soc-sign-epinions;131828;95318;841372;128;1.05;25513.0;26770.0;32925.0;28097.0
soc-sign-epinions;131828;95318;841372;128;1.1;25499.0;26804.0;32755.0;27908.0
soc-sign-epinions;131828;95318;841372;16;1.03;22049.0;21775.0;24269.0;24961.0
soc-sign-epinions;131828;95318;841372;16;1.05;20797.0;21169.0;23653.0;24951.0
soc-sign-epinions;131828;95318;841372;16;1.1;21695.0;21335.0;24047.0;24935.0
soc-sign-epinions;131828;95318;841372;2;1.03;284.0;286.0;1060.0;12495.0
soc-sign-epinions;131828;95318;841372;2;1.05;129.0;146.0;847.0;10551.0
soc-sign-epinions;131828;95318;841372;2;1.1;63.0;38.0;87.0;8468.0
soc-sign-epinions;131828;95318;841372;32;1.03;23998.0;24309.0;28245.0;25929.0
soc-sign-epinions;131828;95318;841372;32;1.05;23036.0;24297.0;28003.0;25855.0
soc-sign-epinions;131828;95318;841372;32;1.1;23023.0;24063.0;28195.0;25748.0
soc-sign-epinions;131828;95318;841372;4;1.03;9181.0;8839.0;10188.0;20954.0
soc-sign-epinions;131828;95318;841372;4;1.05;8957.0;8667.0;10580.0;20874.0
soc-sign-epinions;131828;95318;841372;4;1.1;8587.0;8398.0;10191.0;20851.0
soc-sign-epinions;131828;95318;841372;64;1.03;25681.0;26019.0;30750.0;26826.0
soc-sign-epinions;131828;95318;841372;64;1.05;24581.0;25967.0;30577.0;26733.0
soc-sign-epinions;131828;95318;841372;64;1.1;24621.0;25770.0;31149.0;26653.0
soc-sign-epinions;131828;95318;841372;8;1.03;16296.0;16304.0;17641.0;23715.0
soc-sign-epinions;131828;95318;841372;8;1.05;16212.0;16166.0;17324.0;23629.0
soc-sign-epinions;131828;95318;841372;8;1.1;15683.0;15665.0;17285.0;23250.0
web-BerkStan;685230;680486;7600595;128;1.03;159359.0;160892.0;186425.0;174492.0
web-BerkStan;685230;680486;7600595;128;1.05;157541.0;159969.0;188693.0;174477.0
web-BerkStan;685230;680486;7600595;128;1.1;157735.0;159008.0;192049.0;173077.0
web-BerkStan;685230;680486;7600595;16;1.03;35103.0;34995.0;49262.0;43507.0
web-BerkStan;685230;680486;7600595;16;1.05;28807.0;27505.0;47686.0;42627.0
web-BerkStan;685230;680486;7600595;16;1.1;27577.0;34008.0;45008.0;39056.0
web-BerkStan;685230;680486;7600595;2;1.03;869.0;875.0;911.0;1219.0
web-BerkStan;685230;680486;7600595;2;1.05;870.0;875.0;911.0;1082.0
web-BerkStan;685230;680486;7600595;2;1.1;866.0;876.0;143.0;1807.0
web-BerkStan;685230;680486;7600595;32;1.03;78321.0;74279.0;93664.0;94640.0
web-BerkStan;685230;680486;7600595;32;1.05;75983.0;74659.0;134265.0;91613.0
web-BerkStan;685230;680486;7600595;32;1.1;72008.0;72373.0;91238.0;90179.0
web-BerkStan;685230;680486;7600595;4;1.03;1950.0;1941.0;3255.0;4922.0
web-BerkStan;685230;680486;7600595;4;1.05;1801.0;1511.0;3003.0;3085.0
web-BerkStan;685230;680486;7600595;4;1.1;1691.0;1495.0;2770.0;4451.0
web-BerkStan;685230;680486;7600595;64;1.03;120597.0;119735.0;141520.0;139658.0
web-BerkStan;685230;680486;7600595;64;1.05;119592.0;119953.0;152824.0;138180.0
web-BerkStan;685230;680486;7600595;64;1.1;116041.0;116019.0;185787.0;136862.0
web-BerkStan;685230;680486;7600595;8;1.03;11767.0;12057.0;14975.0;19258.0
web-BerkStan;685230;680486;7600595;8;1.05;11338.0;11755.0;14492.0;17427.0
web-BerkStan;685230;680486;7600595;8;1.1;10869.0;10863.0;13058.0;16479.0
web-Google;916428;739454;5105039;128;1.03;22286.0;22267.0;37678.0;39818.0
web-Google;916428;739454;5105039;128;1.05;21318.0;22109.0;35985.0;38570.0
web-Google;916428;739454;5105039;128;1.1;23433.0;23159.0;30434.0;36922.0
web-Google;916428;739454;5105039;16;1.03;16694.0;16670.0;19229.0;16673.0
web-Google;916428;739454;5105039;16;1.05;16528.0;16707.0;18708.0;16527.0
web-Google;916428;739454;5105039;16;1.1;16500.0;16648.0;18191.0;16453.0
web-Google;916428;739454;5105039;2;1.03;5930.0;6286.0;6200.0;9744.0
web-Google;916428;739454;5105039;2;1.05;5688.0;5967.0;5911.0;9624.0
web-Google;916428;739454;5105039;2;1.1;4877.0;5298.0;5144.0;9736.0
web-Google;916428;739454;5105039;32;1.03;17769.0;17824.0;20818.0;17878.0
web-Google;916428;739454;5105039;32;1.05;17793.0;17975.0;20726.0;17733.0
web-Google;916428;739454;5105039;32;1.1;17712.0;18069.0;20165.0;17750.0
web-Google;916428;739454;5105039;4;1.03;12398.0;12486.0;12792.0;13292.0
web-Google;916428;739454;5105039;4;1.05;12211.0;12607.0;12606.0;13066.0
web-Google;916428;739454;5105039;4;1.1;11970.0;12106.0;12315.0;13131.0
web-Google;916428;739454;5105039;64;1.03;19188.0;19321.0;24377.0;22818.0
web-Google;916428;739454;5105039;64;1.05;19748.0;19427.0;22979.0;22478.0
web-Google;916428;739454;5105039;64;1.1;19506.0;19490.0;24166.0;21961.0
web-Google;916428;739454;5105039;8;1.03;14891.0;15179.0;16325.0;15037.0
web-Google;916428;739454;5105039;8;1.05;14873.0;15235.0;16112.0;15096.0
web-Google;916428;739454;5105039;8;1.1;14851.0;14986.0;15976.0;14995.0
web-NotreDame;325729;137941;1497134;128;1.03;20748.0;21023.0;23413.0;22629.0
web-NotreDame;325729;137941;1497134;128;1.05;20677.0;20748.0;24032.0;22481.0
web-NotreDame;325729;137941;1497134;128;1.1;20393.0;20459.0;23102.0;22179.0
web-NotreDame;325729;137941;1497134;16;1.03;4919.0;5116.0;6328.0;6250.0
web-NotreDame;325729;137941;1497134;16;1.05;4902.0;5026.0;6144.0;5998.0
web-NotreDame;325729;137941;1497134;16;1.1;4842.0;5037.0;6371.0;6692.0
web-NotreDame;325729;137941;1497134;2;1.03;256.0;256.0;473.0;814.0
web-NotreDame;325729;137941;1497134;2;1.05;277.0;250.0;393.0;732.0
web-NotreDame;325729;137941;1497134;2;1.1;211.0;233.0;385.0;784.0
web-NotreDame;325729;137941;1497134;32;1.03;6453.0;6593.0;8650.0;7491.0
web-NotreDame;325729;137941;1497134;32;1.05;6300.0;6385.0;8498.0;7171.0
web-NotreDame;325729;137941;1497134;32;1.1;6045.0;6237.0;8042.0;6953.0
web-NotreDame;325729;137941;1497134;4;1.03;1804.0;1916.0;3253.0;2321.0
web-NotreDame;325729;137941;1497134;4;1.05;1827.0;1849.0;2972.0;2649.0
web-NotreDame;325729;137941;1497134;4;1.1;1512.0;1755.0;2559.0;2019.0
web-NotreDame;325729;137941;1497134;64;1.03;13985.0;14160.0;16511.0;15070.0
web-NotreDame;325729;137941;1497134;64;1.05;13589.0;13812.0;16142.0;14385.0
web-NotreDame;325729;137941;1497134;64;1.1;13182.0;13399.0;15945.0;14059.0
web-NotreDame;325729;137941;1497134;8;1.03;3762.0;3914.0;4603.0;5325.0
web-NotreDame;325729;137941;1497134;8;1.05;3749.0;3884.0;4765.0;4657.0
web-NotreDame;325729;137941;1497134;8;1.1;3641.0;3825.0;4600.0;4792.0
web-Stanford;281903;281731;2312497;128;1.03;57660.0;57212.0;78425.0;61580.0
web-Stanford;281903;281731;2312497;128;1.05;57485.0;56964.0;79758.0;61254.0
web-Stanford;281903;281731;2312497;128;1.1;56516.0;56730.0;78561.0;60407.0
web-Stanford;281903;281731;2312497;16;1.03;14153.0;13557.0;33120.0;15473.0
web-Stanford;281903;281731;2312497;16;1.05;14912.0;15098.0;19258.0;15254.0
web-Stanford;281903;281731;2312497;16;1.1;14226.0;13697.0;31275.0;15257.0
web-Stanford;281903;281731;2312497;2;1.03;43.0;40.0;91.0;269.0
web-Stanford;281903;281731;2312497;2;1.05;41.0;41.0;47.0;217.0
web-Stanford;281903;281731;2312497;2;1.1;39.0;38.0;38.0;276.0
web-Stanford;281903;281731;2312497;32;1.03;29336.0;29206.0;50903.0;34839.0
web-Stanford;281903;281731;2312497;32;1.05;29058.0;28622.0;52251.0;34723.0
web-Stanford;281903;281731;2312497;32;1.1;27798.0;27396.0;49115.0;34167.0
web-Stanford;281903;281731;2312497;4;1.03;2128.0;2122.0;3082.0;3046.0
web-Stanford;281903;281731;2312497;4;1.05;2214.0;2027.0;2632.0;3085.0
web-Stanford;281903;281731;2312497;4;1.1;1520.0;1819.0;2107.0;2689.0
web-Stanford;281903;281731;2312497;64;1.03;47320.0;47037.0;71364.0;51039.0
web-Stanford;281903;281731;2312497;64;1.05;46882.0;46950.0;68772.0;51639.0
web-Stanford;281903;281731;2312497;64;1.1;45582.0;45137.0;70841.0;50917.0
web-Stanford;281903;281731;2312497;8;1.03;7486.0;7671.0;10051.0;10555.0
web-Stanford;281903;281731;2312497;8;1.05;7286.0;7263.0;10055.0;10401.0
web-Stanford;281903;281731;2312497;8;1.1;6980.0;7026.0;8534.0;10263.0
wiki-Talk;2394385;147602;5021410;128;1.03;32360.0;32692.0;37092.0;39569.0
wiki-Talk;2394385;147602;5021410;128;1.05;32154.0;32422.0;36897.0;39559.0
wiki-Talk;2394385;147602;5021410;128;1.1;31585.0;31811.0;36859.0;39259.0
wiki-Talk;2394385;147602;5021410;16;1.03;9817.0;10953.0;25765.0;9819.0
wiki-Talk;2394385;147602;5021410;16;1.05;9699.0;10682.0;26094.0;9822.0
wiki-Talk;2394385;147602;5021410;16;1.1;9457.0;10626.0;37227.0;9810.0
wiki-Talk;2394385;147602;5021410;2;1.03;1011.0;1018.0;1021.0;8413.0
wiki-Talk;2394385;147602;5021410;2;1.05;1014.0;989.0;1021.0;8406.0
wiki-Talk;2394385;147602;5021410;2;1.1;1009.0;1001.0;1021.0;8402.0
wiki-Talk;2394385;147602;5021410;32;1.03;16942.0;16319.0;26096.0;15230.0
wiki-Talk;2394385;147602;5021410;32;1.05;16679.0;16166.0;25792.0;15246.0
wiki-Talk;2394385;147602;5021410;32;1.1;16142.0;15741.0;26304.0;15228.0
wiki-Talk;2394385;147602;5021410;4;1.03;4035.0;4432.0;12817.0;8539.0
wiki-Talk;2394385;147602;5021410;4;1.05;4032.0;4450.0;12749.0;8518.0
wiki-Talk;2394385;147602;5021410;4;1.1;4007.0;4463.0;11693.0;8531.0
wiki-Talk;2394385;147602;5021410;64;1.03;24238.0;24499.0;27327.0;32514.0
wiki-Talk;2394385;147602;5021410;64;1.05;24124.0;24276.0;27332.0;32757.0
wiki-Talk;2394385;147602;5021410;64;1.1;23653.0;23750.0;27154.0;32663.0
wiki-Talk;2394385;147602;5021410;8;1.03;7111.0;6782.0;20130.0;8604.0
wiki-Talk;2394385;147602;5021410;8;1.05;6981.0;6758.0;23586.0;8605.0
wiki-Talk;2394385;147602;5021410;8;1.1;6514.0;6263.0;19589.0;8603.0
wiki-Vote;8297;6110;103689;128;1.03;2953.0;2967.0;3361.0;3301.0
wiki-Vote;8297;6110;103689;128;1.05;2941.0;2958.0;3374.0;3295.0
wiki-Vote;8297;6110;103689;128;1.1;2940.0;2955.0;3368.0;3169.0
wiki-Vote;8297;6110;103689;16;1.03;2340.0;2341.0;2563.0;2921.0
wiki-Vote;8297;6110;103689;16;1.05;2293.0;2323.0;2560.0;2895.0
wiki-Vote;8297;6110;103689;16;1.1;2254.0;2257.0;2538.0;2893.0
wiki-Vote;8297;6110;103689;2;1.03;-1;-1;-1;1451.0
wiki-Vote;8297;6110;103689;2;1.05;-1;-1;-1;1431.0
wiki-Vote;8297;6110;103689;2;1.1;-1;-1;-1;1390.0
wiki-Vote;8297;6110;103689;32;1.03;2674.0;2667.0;2953.0;3058.0
wiki-Vote;8297;6110;103689;32;1.05;2646.0;2667.0;2962.0;3028.0
wiki-Vote;8297;6110;103689;32;1.1;2640.0;2613.0;2964.0;3013.0
wiki-Vote;8297;6110;103689;4;1.03;330.0;283.0;357.0;2272.0
wiki-Vote;8297;6110;103689;4;1.05;217.0;214.0;417.0;2279.0
wiki-Vote;8297;6110;103689;4;1.1;72.0;72.0;260.0;2230.0
wiki-Vote;8297;6110;103689;64;1.03;2854.0;2874.0;3216.0;3161.0
wiki-Vote;8297;6110;103689;64;1.05;2850.0;2868.0;3194.0;3106.0
wiki-Vote;8297;6110;103689;64;1.1;2831.0;2846.0;3197.0;3095.0
wiki-Vote;8297;6110;103689;8;1.03;1598.0;1592.0;1687.0;2663.0
wiki-Vote;8297;6110;103689;8;1.05;1568.0;1562.0;1580.0;2673.0
wiki-Vote;8297;6110;103689;8;1.1;1453.0;1450.0;1540.0;2674.0
